OPEN_DATETIME,CLOSE_DATETIME,BUY_SELL,CALL_PUT,STRIKE,EXPIRATION,QUANTITY
2017-01-02 09:32,2017-01-02 09:37,,,,,
2017-01-02 09:37,2017-01-02 09:42,,,,,
2017-01-02 09:42,2017-01-02 09:47,,,,,
2017-01-02 09:47,2017-01-02 09:52,,,,,
2017-01-02 09:52,2017-01-02 09:57,,,,,
2017-01-02 09:57,2017-01-02 10:02,,,,,
2017-01-02 10:02,2017-01-02 10:07,,,,,
2017-01-02 10:07,2017-01-02 10:12,,,,,
2017-01-02 10:12,2017-01-02 10:17,,,,,
2017-01-02 10:17,2017-01-02 10:22,,,,,
2017-01-02 10:22,2017-01-02 10:27,,,,,
2017-01-02 10:27,2017-01-02 10:32,,,,,
2017-01-02 10:32,2017-01-02 10:37,,,,,
2017-01-02 10:37,2017-01-02 10:42,,,,,
2017-01-02 10:42,2017-01-02 10:47,,,,,
2017-01-02 10:47,2017-01-02 10:52,,,,,
2017-01-02 10:52,2017-01-02 10:57,,,,,
2017-01-02 10:57,2017-01-02 11:02,,,,,
2017-01-02 11:02,2017-01-02 11:07,,,,,
2017-01-02 11:07,2017-01-02 11:12,,,,,
2017-01-02 11:12,2017-01-02 11:17,,,,,
2017-01-02 11:17,2017-01-02 11:22,,,,,
2017-01-02 11:22,2017-01-02 11:27,,,,,
2017-01-02 11:27,2017-01-02 11:32,,,,,
2017-01-02 11:32,2017-01-02 11:37,,,,,
2017-01-02 11:37,2017-01-02 11:42,,,,,
2017-01-02 11:42,2017-01-02 11:47,,,,,
2017-01-02 11:47,2017-01-02 11:52,,,,,
2017-01-02 11:52,2017-01-02 11:57,,,,,
2017-01-02 11:57,2017-01-02 12:02,,,,,
2017-01-02 12:02,2017-01-02 12:07,,,,,
2017-01-02 12:07,2017-01-02 12:12,,,,,
2017-01-02 12:12,2017-01-02 12:17,,,,,
2017-01-02 12:17,2017-01-02 12:22,,,,,
2017-01-02 12:22,2017-01-02 12:27,,,,,
2017-01-02 12:27,2017-01-02 12:32,,,,,
2017-01-02 12:32,2017-01-02 12:37,,,,,
2017-01-02 12:37,2017-01-02 12:42,,,,,
2017-01-02 12:42,2017-01-02 12:47,,,,,
2017-01-02 12:47,2017-01-02 12:52,,,,,
2017-01-02 12:52,2017-01-02 12:57,,,,,
2017-01-02 12:57,2017-01-02 13:02,,,,,
2017-01-02 13:02,2017-01-02 13:07,,,,,
2017-01-02 13:07,2017-01-02 13:12,,,,,
2017-01-02 13:12,2017-01-02 13:17,,,,,
2017-01-02 13:17,2017-01-02 13:22,,,,,
2017-01-02 13:22,2017-01-02 13:27,,,,,
2017-01-02 13:27,2017-01-02 13:32,,,,,
2017-01-02 13:32,2017-01-02 13:37,,,,,
2017-01-02 13:37,2017-01-02 13:42,,,,,
2017-01-02 13:42,2017-01-02 13:47,,,,,
2017-01-02 13:47,2017-01-02 13:52,,,,,
2017-01-02 13:52,2017-01-02 13:57,,,,,
2017-01-02 13:57,2017-01-02 14:02,,,,,
2017-01-02 14:02,2017-01-02 14:07,,,,,
2017-01-02 14:07,2017-01-02 14:12,,,,,
2017-01-02 14:12,2017-01-02 14:17,,,,,
2017-01-02 14:17,2017-01-02 14:22,,,,,
2017-01-02 14:22,2017-01-02 14:27,,,,,
2017-01-02 14:27,2017-01-02 14:32,,,,,
2017-01-02 14:32,2017-01-02 14:37,,,,,
2017-01-02 14:37,2017-01-02 14:42,,,,,
2017-01-02 14:42,2017-01-02 14:47,,,,,
2017-01-02 14:47,2017-01-02 14:52,,,,,
2017-01-02 14:52,2017-01-02 14:57,,,,,
2017-01-02 14:57,2017-01-02 15:02,,,,,
2017-01-02 15:02,2017-01-02 15:07,,,,,
2017-01-02 15:07,2017-01-02 15:12,,,,,
2017-01-02 15:12,2017-01-02 15:17,,,,,
2017-01-02 15:17,2017-01-02 15:22,,,,,
2017-01-02 15:22,2017-01-02 15:27,,,,,
2017-01-02 15:27,2017-01-02 15:32,,,,,
2017-01-02 15:32,2017-01-02 15:37,,,,,
2017-01-02 15:37,2017-01-02 15:42,,,,,
2017-01-02 15:42,2017-01-02 15:47,,,,,
2017-01-02 15:47,2017-01-02 15:52,,,,,
2017-01-02 15:52,2017-01-02 15:57,,,,,
2017-01-02 15:57,2017-01-09 09:32,,,,,
2017-01-09 09:32,2017-01-09 09:37,,,,,
2017-01-09 09:37,2017-01-09 09:42,,,,,
2017-01-09 09:42,2017-01-09 09:47,,,,,
2017-01-09 09:47,2017-01-09 09:52,,,,,
2017-01-09 09:52,2017-01-09 09:57,,,,,
2017-01-09 09:57,2017-01-09 10:02,,,,,
2017-01-09 10:02,2017-01-09 10:07,,,,,
2017-01-09 10:07,2017-01-09 10:12,,,,,
2017-01-09 10:12,2017-01-09 10:17,,,,,
2017-01-09 10:17,2017-01-09 10:22,,,,,
2017-01-09 10:22,2017-01-09 10:27,,,,,
2017-01-09 10:27,2017-01-09 10:32,,,,,
2017-01-09 10:32,2017-01-09 10:37,,,,,
2017-01-09 10:37,2017-01-09 10:42,,,,,
2017-01-09 10:42,2017-01-09 10:47,,,,,
2017-01-09 10:47,2017-01-09 10:52,,,,,
2017-01-09 10:52,2017-01-09 10:57,,,,,
2017-01-09 10:57,2017-01-09 11:02,,,,,
2017-01-09 11:02,2017-01-09 11:07,,,,,
2017-01-09 11:07,2017-01-09 11:12,,,,,
2017-01-09 11:12,2017-01-09 11:17,,,,,
2017-01-09 11:17,2017-01-09 11:22,,,,,
2017-01-09 11:22,2017-01-09 11:27,,,,,
2017-01-09 11:27,2017-01-09 11:32,,,,,
2017-01-09 11:32,2017-01-09 11:37,,,,,
2017-01-09 11:37,2017-01-09 11:42,,,,,
2017-01-09 11:42,2017-01-09 11:47,,,,,
2017-01-09 11:47,2017-01-09 11:52,,,,,
2017-01-09 11:52,2017-01-09 11:57,,,,,
2017-01-09 11:57,2017-01-09 12:02,,,,,
2017-01-09 12:02,2017-01-09 12:07,,,,,
2017-01-09 12:07,2017-01-09 12:12,,,,,
2017-01-09 12:12,2017-01-09 12:17,,,,,
2017-01-09 12:17,2017-01-09 12:22,,,,,
2017-01-09 12:22,2017-01-09 12:27,,,,,
2017-01-09 12:27,2017-01-09 12:32,,,,,
2017-01-09 12:32,2017-01-09 12:37,,,,,
2017-01-09 12:37,2017-01-09 12:42,,,,,
2017-01-09 12:42,2017-01-09 12:47,,,,,
2017-01-09 12:47,2017-01-09 12:52,,,,,
2017-01-09 12:52,2017-01-09 12:57,,,,,
2017-01-09 12:57,2017-01-09 13:02,,,,,
2017-01-09 13:02,2017-01-09 13:07,,,,,
2017-01-09 13:07,2017-01-09 13:12,,,,,
2017-01-09 13:12,2017-01-09 13:17,,,,,
2017-01-09 13:17,2017-01-09 13:22,,,,,
2017-01-09 13:22,2017-01-09 13:27,,,,,
2017-01-09 13:27,2017-01-09 13:32,,,,,
2017-01-09 13:32,2017-01-09 13:37,,,,,
2017-01-09 13:37,2017-01-09 13:42,,,,,
2017-01-09 13:42,2017-01-09 13:47,,,,,
2017-01-09 13:47,2017-01-09 13:52,,,,,
2017-01-09 13:52,2017-01-09 13:57,,,,,
2017-01-09 13:57,2017-01-09 14:02,,,,,
2017-01-09 14:02,2017-01-09 14:07,,,,,
2017-01-09 14:07,2017-01-09 14:12,,,,,
2017-01-09 14:12,2017-01-09 14:17,,,,,
2017-01-09 14:17,2017-01-09 14:22,,,,,
2017-01-09 14:22,2017-01-09 14:27,,,,,
2017-01-09 14:27,2017-01-09 14:32,,,,,
2017-01-09 14:32,2017-01-09 14:37,,,,,
2017-01-09 14:37,2017-01-09 14:42,,,,,
2017-01-09 14:42,2017-01-09 14:47,,,,,
2017-01-09 14:47,2017-01-09 14:52,,,,,
2017-01-09 14:52,2017-01-09 14:57,,,,,
2017-01-09 14:57,2017-01-09 15:02,,,,,
2017-01-09 15:02,2017-01-09 15:07,,,,,
2017-01-09 15:07,2017-01-09 15:12,,,,,
2017-01-09 15:12,2017-01-09 15:17,,,,,
2017-01-09 15:17,2017-01-09 15:22,,,,,
2017-01-09 15:22,2017-01-09 15:27,,,,,
2017-01-09 15:27,2017-01-09 15:32,,,,,
2017-01-09 15:32,2017-01-09 15:37,,,,,
2017-01-09 15:37,2017-01-09 15:42,,,,,
2017-01-09 15:42,2017-01-09 15:47,,,,,
2017-01-09 15:47,2017-01-09 15:52,,,,,
2017-01-09 15:52,2017-01-09 15:57,,,,,
2017-01-09 15:57,2017-01-16 09:32,,,,,
2017-01-16 09:32,2017-01-16 09:37,,,,,
2017-01-16 09:37,2017-01-16 09:42,,,,,
2017-01-16 09:42,2017-01-16 09:47,,,,,
2017-01-16 09:47,2017-01-16 09:52,,,,,
2017-01-16 09:52,2017-01-16 09:57,,,,,
2017-01-16 09:57,2017-01-16 10:02,,,,,
2017-01-16 10:02,2017-01-16 10:07,,,,,
2017-01-16 10:07,2017-01-16 10:12,,,,,
2017-01-16 10:12,2017-01-16 10:17,,,,,
2017-01-16 10:17,2017-01-16 10:22,,,,,
2017-01-16 10:22,2017-01-16 10:27,,,,,
2017-01-16 10:27,2017-01-16 10:32,,,,,
2017-01-16 10:32,2017-01-16 10:37,,,,,
2017-01-16 10:37,2017-01-16 10:42,,,,,
2017-01-16 10:42,2017-01-16 10:47,,,,,
2017-01-16 10:47,2017-01-16 10:52,,,,,
2017-01-16 10:52,2017-01-16 10:57,,,,,
2017-01-16 10:57,2017-01-16 11:02,,,,,
2017-01-16 11:02,2017-01-16 11:07,,,,,
2017-01-16 11:07,2017-01-16 11:12,,,,,
2017-01-16 11:12,2017-01-16 11:17,,,,,
2017-01-16 11:17,2017-01-16 11:22,,,,,
2017-01-16 11:22,2017-01-16 11:27,,,,,
2017-01-16 11:27,2017-01-16 11:32,,,,,
2017-01-16 11:32,2017-01-16 11:37,,,,,
2017-01-16 11:37,2017-01-16 11:42,,,,,
2017-01-16 11:42,2017-01-16 11:47,,,,,
2017-01-16 11:47,2017-01-16 11:52,,,,,
2017-01-16 11:52,2017-01-16 11:57,,,,,
2017-01-16 11:57,2017-01-16 12:02,,,,,
2017-01-16 12:02,2017-01-16 12:07,,,,,
2017-01-16 12:07,2017-01-16 12:12,,,,,
2017-01-16 12:12,2017-01-16 12:17,,,,,
2017-01-16 12:17,2017-01-16 12:22,,,,,
2017-01-16 12:22,2017-01-16 12:27,,,,,
2017-01-16 12:27,2017-01-16 12:32,,,,,
2017-01-16 12:32,2017-01-16 12:37,,,,,
2017-01-16 12:37,2017-01-16 12:42,,,,,
2017-01-16 12:42,2017-01-16 12:47,,,,,
2017-01-16 12:47,2017-01-16 12:52,,,,,
2017-01-16 12:52,2017-01-16 12:57,,,,,
2017-01-16 12:57,2017-01-16 13:02,,,,,
2017-01-16 13:02,2017-01-16 13:07,,,,,
2017-01-16 13:07,2017-01-16 13:12,,,,,
2017-01-16 13:12,2017-01-16 13:17,,,,,
2017-01-16 13:17,2017-01-16 13:22,,,,,
2017-01-16 13:22,2017-01-16 13:27,,,,,
2017-01-16 13:27,2017-01-16 13:32,,,,,
2017-01-16 13:32,2017-01-16 13:37,,,,,
2017-01-16 13:37,2017-01-16 13:42,,,,,
2017-01-16 13:42,2017-01-16 13:47,,,,,
2017-01-16 13:47,2017-01-16 13:52,,,,,
2017-01-16 13:52,2017-01-16 13:57,,,,,
2017-01-16 13:57,2017-01-16 14:02,,,,,
2017-01-16 14:02,2017-01-16 14:07,,,,,
2017-01-16 14:07,2017-01-16 14:12,,,,,
2017-01-16 14:12,2017-01-16 14:17,,,,,
2017-01-16 14:17,2017-01-16 14:22,,,,,
2017-01-16 14:22,2017-01-16 14:27,,,,,
2017-01-16 14:27,2017-01-16 14:32,,,,,
2017-01-16 14:32,2017-01-16 14:37,,,,,
2017-01-16 14:37,2017-01-16 14:42,,,,,
2017-01-16 14:42,2017-01-16 14:47,,,,,
2017-01-16 14:47,2017-01-16 14:52,,,,,
2017-01-16 14:52,2017-01-16 14:57,,,,,
2017-01-16 14:57,2017-01-16 15:02,,,,,
2017-01-16 15:02,2017-01-16 15:07,,,,,
2017-01-16 15:07,2017-01-16 15:12,,,,,
2017-01-16 15:12,2017-01-16 15:17,,,,,
2017-01-16 15:17,2017-01-16 15:22,,,,,
2017-01-16 15:22,2017-01-16 15:27,,,,,
2017-01-16 15:27,2017-01-16 15:32,,,,,
2017-01-16 15:32,2017-01-16 15:37,,,,,
2017-01-16 15:37,2017-01-16 15:42,,,,,
2017-01-16 15:42,2017-01-16 15:47,,,,,
2017-01-16 15:47,2017-01-16 15:52,,,,,
2017-01-16 15:52,2017-01-16 15:57,,,,,
2017-01-16 15:57,2017-01-23 09:32,,,,,
2017-01-23 09:32,2017-01-23 09:37,,,,,
2017-01-23 09:37,2017-01-23 09:42,,,,,
2017-01-23 09:42,2017-01-23 09:47,,,,,
2017-01-23 09:47,2017-01-23 09:52,,,,,
2017-01-23 09:52,2017-01-23 09:57,,,,,
2017-01-23 09:57,2017-01-23 10:02,,,,,
2017-01-23 10:02,2017-01-23 10:07,,,,,
2017-01-23 10:07,2017-01-23 10:12,,,,,
2017-01-23 10:12,2017-01-23 10:17,,,,,
2017-01-23 10:17,2017-01-23 10:22,,,,,
2017-01-23 10:22,2017-01-23 10:27,,,,,
2017-01-23 10:27,2017-01-23 10:32,,,,,
2017-01-23 10:32,2017-01-23 10:37,,,,,
2017-01-23 10:37,2017-01-23 10:42,,,,,
2017-01-23 10:42,2017-01-23 10:47,,,,,
2017-01-23 10:47,2017-01-23 10:52,,,,,
2017-01-23 10:52,2017-01-23 10:57,,,,,
2017-01-23 10:57,2017-01-23 11:02,,,,,
2017-01-23 11:02,2017-01-23 11:07,,,,,
2017-01-23 11:07,2017-01-23 11:12,,,,,
2017-01-23 11:12,2017-01-23 11:17,,,,,
2017-01-23 11:17,2017-01-23 11:22,,,,,
2017-01-23 11:22,2017-01-23 11:27,,,,,
2017-01-23 11:27,2017-01-23 11:32,,,,,
2017-01-23 11:32,2017-01-23 11:37,,,,,
2017-01-23 11:37,2017-01-23 11:42,,,,,
2017-01-23 11:42,2017-01-23 11:47,,,,,
2017-01-23 11:47,2017-01-23 11:52,,,,,
2017-01-23 11:52,2017-01-23 11:57,,,,,
2017-01-23 11:57,2017-01-23 12:02,,,,,
2017-01-23 12:02,2017-01-23 12:07,,,,,
2017-01-23 12:07,2017-01-23 12:12,,,,,
2017-01-23 12:12,2017-01-23 12:17,,,,,
2017-01-23 12:17,2017-01-23 12:22,,,,,
2017-01-23 12:22,2017-01-23 12:27,,,,,
2017-01-23 12:27,2017-01-23 12:32,,,,,
2017-01-23 12:32,2017-01-23 12:37,,,,,
2017-01-23 12:37,2017-01-23 12:42,,,,,
2017-01-23 12:42,2017-01-23 12:47,,,,,
2017-01-23 12:47,2017-01-23 12:52,,,,,
2017-01-23 12:52,2017-01-23 12:57,,,,,
2017-01-23 12:57,2017-01-23 13:02,,,,,
2017-01-23 13:02,2017-01-23 13:07,,,,,
2017-01-23 13:07,2017-01-23 13:12,,,,,
2017-01-23 13:12,2017-01-23 13:17,,,,,
2017-01-23 13:17,2017-01-23 13:22,,,,,
2017-01-23 13:22,2017-01-23 13:27,,,,,
2017-01-23 13:27,2017-01-23 13:32,,,,,
2017-01-23 13:32,2017-01-23 13:37,,,,,
2017-01-23 13:37,2017-01-23 13:42,,,,,
2017-01-23 13:42,2017-01-23 13:47,,,,,
2017-01-23 13:47,2017-01-23 13:52,,,,,
2017-01-23 13:52,2017-01-23 13:57,,,,,
2017-01-23 13:57,2017-01-23 14:02,,,,,
2017-01-23 14:02,2017-01-23 14:07,,,,,
2017-01-23 14:07,2017-01-23 14:12,,,,,
2017-01-23 14:12,2017-01-23 14:17,,,,,
2017-01-23 14:17,2017-01-23 14:22,,,,,
2017-01-23 14:22,2017-01-23 14:27,,,,,
2017-01-23 14:27,2017-01-23 14:32,,,,,
2017-01-23 14:32,2017-01-23 14:37,,,,,
2017-01-23 14:37,2017-01-23 14:42,,,,,
2017-01-23 14:42,2017-01-23 14:47,,,,,
2017-01-23 14:47,2017-01-23 14:52,,,,,
2017-01-23 14:52,2017-01-23 14:57,,,,,
2017-01-23 14:57,2017-01-23 15:02,,,,,
2017-01-23 15:02,2017-01-23 15:07,,,,,
2017-01-23 15:07,2017-01-23 15:12,,,,,
2017-01-23 15:12,2017-01-23 15:17,,,,,
2017-01-23 15:17,2017-01-23 15:22,,,,,
2017-01-23 15:22,2017-01-23 15:27,,,,,
2017-01-23 15:27,2017-01-23 15:32,,,,,
2017-01-23 15:32,2017-01-23 15:37,,,,,
2017-01-23 15:37,2017-01-23 15:42,,,,,
2017-01-23 15:42,2017-01-23 15:47,,,,,
2017-01-23 15:47,2017-01-23 15:52,,,,,
2017-01-23 15:52,2017-01-23 15:57,,,,,
2017-01-23 15:57,2017-01-30 09:32,,,,,
2017-01-30 09:32,2017-01-30 09:37,,,,,
2017-01-30 09:37,2017-01-30 09:42,,,,,
2017-01-30 09:42,2017-01-30 09:47,,,,,
2017-01-30 09:47,2017-01-30 09:52,,,,,
2017-01-30 09:52,2017-01-30 09:57,,,,,
2017-01-30 09:57,2017-01-30 10:02,,,,,
2017-01-30 10:02,2017-01-30 10:07,,,,,
2017-01-30 10:07,2017-01-30 10:12,,,,,
2017-01-30 10:12,2017-01-30 10:17,,,,,
2017-01-30 10:17,2017-01-30 10:22,,,,,
2017-01-30 10:22,2017-01-30 10:27,,,,,
2017-01-30 10:27,2017-01-30 10:32,,,,,
2017-01-30 10:32,2017-01-30 10:37,,,,,
2017-01-30 10:37,2017-01-30 10:42,,,,,
2017-01-30 10:42,2017-01-30 10:47,,,,,
2017-01-30 10:47,2017-01-30 10:52,,,,,
2017-01-30 10:52,2017-01-30 10:57,,,,,
2017-01-30 10:57,2017-01-30 11:02,,,,,
2017-01-30 11:02,2017-01-30 11:07,,,,,
2017-01-30 11:07,2017-01-30 11:12,,,,,
2017-01-30 11:12,2017-01-30 11:17,,,,,
2017-01-30 11:17,2017-01-30 11:22,,,,,
2017-01-30 11:22,2017-01-30 11:27,,,,,
2017-01-30 11:27,2017-01-30 11:32,,,,,
2017-01-30 11:32,2017-01-30 11:37,,,,,
2017-01-30 11:37,2017-01-30 11:42,,,,,
2017-01-30 11:42,2017-01-30 11:47,,,,,
2017-01-30 11:47,2017-01-30 11:52,,,,,
2017-01-30 11:52,2017-01-30 11:57,,,,,
2017-01-30 11:57,2017-01-30 12:02,,,,,
2017-01-30 12:02,2017-01-30 12:07,,,,,
2017-01-30 12:07,2017-01-30 12:12,,,,,
2017-01-30 12:12,2017-01-30 12:17,,,,,
2017-01-30 12:17,2017-01-30 12:22,,,,,
2017-01-30 12:22,2017-01-30 12:27,,,,,
2017-01-30 12:27,2017-01-30 12:32,,,,,
2017-01-30 12:32,2017-01-30 12:37,,,,,
2017-01-30 12:37,2017-01-30 12:42,,,,,
2017-01-30 12:42,2017-01-30 12:47,,,,,
2017-01-30 12:47,2017-01-30 12:52,,,,,
2017-01-30 12:52,2017-01-30 12:57,,,,,
2017-01-30 12:57,2017-01-30 13:02,,,,,
2017-01-30 13:02,2017-01-30 13:07,,,,,
2017-01-30 13:07,2017-01-30 13:12,,,,,
2017-01-30 13:12,2017-01-30 13:17,,,,,
2017-01-30 13:17,2017-01-30 13:22,,,,,
2017-01-30 13:22,2017-01-30 13:27,,,,,
2017-01-30 13:27,2017-01-30 13:32,,,,,
2017-01-30 13:32,2017-01-30 13:37,,,,,
2017-01-30 13:37,2017-01-30 13:42,,,,,
2017-01-30 13:42,2017-01-30 13:47,,,,,
2017-01-30 13:47,2017-01-30 13:52,,,,,
2017-01-30 13:52,2017-01-30 13:57,,,,,
2017-01-30 13:57,2017-01-30 14:02,,,,,
2017-01-30 14:02,2017-01-30 14:07,,,,,
2017-01-30 14:07,2017-01-30 14:12,,,,,
2017-01-30 14:12,2017-01-30 14:17,,,,,
2017-01-30 14:17,2017-01-30 14:22,,,,,
2017-01-30 14:22,2017-01-30 14:27,,,,,
2017-01-30 14:27,2017-01-30 14:32,,,,,
2017-01-30 14:32,2017-01-30 14:37,,,,,
2017-01-30 14:37,2017-01-30 14:42,,,,,
2017-01-30 14:42,2017-01-30 14:47,,,,,
2017-01-30 14:47,2017-01-30 14:52,,,,,
2017-01-30 14:52,2017-01-30 14:57,,,,,
2017-01-30 14:57,2017-01-30 15:02,,,,,
2017-01-30 15:02,2017-01-30 15:07,,,,,
2017-01-30 15:07,2017-01-30 15:12,,,,,
2017-01-30 15:12,2017-01-30 15:17,,,,,
2017-01-30 15:17,2017-01-30 15:22,,,,,
2017-01-30 15:22,2017-01-30 15:27,,,,,
2017-01-30 15:27,2017-01-30 15:32,,,,,
2017-01-30 15:32,2017-01-30 15:37,,,,,
2017-01-30 15:37,2017-01-30 15:42,,,,,
2017-01-30 15:42,2017-01-30 15:47,,,,,
2017-01-30 15:47,2017-01-30 15:52,,,,,
2017-01-30 15:52,2017-01-30 15:57,,,,,
2017-01-30 15:57,2017-02-06 09:32,,,,,
2017-02-06 09:32,2017-02-06 09:37,,,,,
2017-02-06 09:37,2017-02-06 09:42,,,,,
2017-02-06 09:42,2017-02-06 09:47,,,,,
2017-02-06 09:47,2017-02-06 09:52,,,,,
2017-02-06 09:52,2017-02-06 09:57,,,,,
2017-02-06 09:57,2017-02-06 10:02,,,,,
2017-02-06 10:02,2017-02-06 10:07,,,,,
2017-02-06 10:07,2017-02-06 10:12,,,,,
2017-02-06 10:12,2017-02-06 10:17,,,,,
2017-02-06 10:17,2017-02-06 10:22,,,,,
2017-02-06 10:22,2017-02-06 10:27,,,,,
2017-02-06 10:27,2017-02-06 10:32,,,,,
2017-02-06 10:32,2017-02-06 10:37,,,,,
2017-02-06 10:37,2017-02-06 10:42,,,,,
2017-02-06 10:42,2017-02-06 10:47,,,,,
2017-02-06 10:47,2017-02-06 10:52,,,,,
2017-02-06 10:52,2017-02-06 10:57,,,,,
2017-02-06 10:57,2017-02-06 11:02,,,,,
2017-02-06 11:02,2017-02-06 11:07,,,,,
2017-02-06 11:07,2017-02-06 11:12,,,,,
2017-02-06 11:12,2017-02-06 11:17,,,,,
2017-02-06 11:17,2017-02-06 11:22,,,,,
2017-02-06 11:22,2017-02-06 11:27,,,,,
2017-02-06 11:27,2017-02-06 11:32,,,,,
2017-02-06 11:32,2017-02-06 11:37,,,,,
2017-02-06 11:37,2017-02-06 11:42,,,,,
2017-02-06 11:42,2017-02-06 11:47,,,,,
2017-02-06 11:47,2017-02-06 11:52,,,,,
2017-02-06 11:52,2017-02-06 11:57,,,,,
2017-02-06 11:57,2017-02-06 12:02,,,,,
2017-02-06 12:02,2017-02-06 12:07,,,,,
2017-02-06 12:07,2017-02-06 12:12,,,,,
2017-02-06 12:12,2017-02-06 12:17,,,,,
2017-02-06 12:17,2017-02-06 12:22,,,,,
2017-02-06 12:22,2017-02-06 12:27,,,,,
2017-02-06 12:27,2017-02-06 12:32,,,,,
2017-02-06 12:32,2017-02-06 12:37,,,,,
2017-02-06 12:37,2017-02-06 12:42,,,,,
2017-02-06 12:42,2017-02-06 12:47,,,,,
2017-02-06 12:47,2017-02-06 12:52,,,,,
2017-02-06 12:52,2017-02-06 12:57,,,,,
2017-02-06 12:57,2017-02-06 13:02,,,,,
2017-02-06 13:02,2017-02-06 13:07,,,,,
2017-02-06 13:07,2017-02-06 13:12,,,,,
2017-02-06 13:12,2017-02-06 13:17,,,,,
2017-02-06 13:17,2017-02-06 13:22,,,,,
2017-02-06 13:22,2017-02-06 13:27,,,,,
2017-02-06 13:27,2017-02-06 13:32,,,,,
2017-02-06 13:32,2017-02-06 13:37,,,,,
2017-02-06 13:37,2017-02-06 13:42,,,,,
2017-02-06 13:42,2017-02-06 13:47,,,,,
2017-02-06 13:47,2017-02-06 13:52,,,,,
2017-02-06 13:52,2017-02-06 13:57,,,,,
2017-02-06 13:57,2017-02-06 14:02,,,,,
2017-02-06 14:02,2017-02-06 14:07,,,,,
2017-02-06 14:07,2017-02-06 14:12,,,,,
2017-02-06 14:12,2017-02-06 14:17,,,,,
2017-02-06 14:17,2017-02-06 14:22,,,,,
2017-02-06 14:22,2017-02-06 14:27,,,,,
2017-02-06 14:27,2017-02-06 14:32,,,,,
2017-02-06 14:32,2017-02-06 14:37,,,,,
2017-02-06 14:37,2017-02-06 14:42,,,,,
2017-02-06 14:42,2017-02-06 14:47,,,,,
2017-02-06 14:47,2017-02-06 14:52,,,,,
2017-02-06 14:52,2017-02-06 14:57,,,,,
2017-02-06 14:57,2017-02-06 15:02,,,,,
2017-02-06 15:02,2017-02-06 15:07,,,,,
2017-02-06 15:07,2017-02-06 15:12,,,,,
2017-02-06 15:12,2017-02-06 15:17,,,,,
2017-02-06 15:17,2017-02-06 15:22,,,,,
2017-02-06 15:22,2017-02-06 15:27,,,,,
2017-02-06 15:27,2017-02-06 15:32,,,,,
2017-02-06 15:32,2017-02-06 15:37,,,,,
2017-02-06 15:37,2017-02-06 15:42,,,,,
2017-02-06 15:42,2017-02-06 15:47,,,,,
2017-02-06 15:47,2017-02-06 15:52,,,,,
2017-02-06 15:52,2017-02-06 15:57,,,,,
2017-02-06 15:57,2017-02-13 09:32,,,,,
2017-02-13 09:32,2017-02-13 09:37,,,,,
2017-02-13 09:37,2017-02-13 09:42,,,,,
2017-02-13 09:42,2017-02-13 09:47,,,,,
2017-02-13 09:47,2017-02-13 09:52,,,,,
2017-02-13 09:52,2017-02-13 09:57,,,,,
2017-02-13 09:57,2017-02-13 10:02,,,,,
2017-02-13 10:02,2017-02-13 10:07,,,,,
2017-02-13 10:07,2017-02-13 10:12,,,,,
2017-02-13 10:12,2017-02-13 10:17,,,,,
2017-02-13 10:17,2017-02-13 10:22,,,,,
2017-02-13 10:22,2017-02-13 10:27,,,,,
2017-02-13 10:27,2017-02-13 10:32,,,,,
2017-02-13 10:32,2017-02-13 10:37,,,,,
2017-02-13 10:37,2017-02-13 10:42,,,,,
2017-02-13 10:42,2017-02-13 10:47,,,,,
2017-02-13 10:47,2017-02-13 10:52,,,,,
2017-02-13 10:52,2017-02-13 10:57,,,,,
2017-02-13 10:57,2017-02-13 11:02,,,,,
2017-02-13 11:02,2017-02-13 11:07,,,,,
2017-02-13 11:07,2017-02-13 11:12,,,,,
2017-02-13 11:12,2017-02-13 11:17,,,,,
2017-02-13 11:17,2017-02-13 11:22,,,,,
2017-02-13 11:22,2017-02-13 11:27,,,,,
2017-02-13 11:27,2017-02-13 11:32,,,,,
2017-02-13 11:32,2017-02-13 11:37,,,,,
2017-02-13 11:37,2017-02-13 11:42,,,,,
2017-02-13 11:42,2017-02-13 11:47,,,,,
2017-02-13 11:47,2017-02-13 11:52,,,,,
2017-02-13 11:52,2017-02-13 11:57,,,,,
2017-02-13 11:57,2017-02-13 12:02,,,,,
2017-02-13 12:02,2017-02-13 12:07,,,,,
2017-02-13 12:07,2017-02-13 12:12,,,,,
2017-02-13 12:12,2017-02-13 12:17,,,,,
2017-02-13 12:17,2017-02-13 12:22,,,,,
2017-02-13 12:22,2017-02-13 12:27,,,,,
2017-02-13 12:27,2017-02-13 12:32,,,,,
2017-02-13 12:32,2017-02-13 12:37,,,,,
2017-02-13 12:37,2017-02-13 12:42,,,,,
2017-02-13 12:42,2017-02-13 12:47,,,,,
2017-02-13 12:47,2017-02-13 12:52,,,,,
2017-02-13 12:52,2017-02-13 12:57,,,,,
2017-02-13 12:57,2017-02-13 13:02,,,,,
2017-02-13 13:02,2017-02-13 13:07,,,,,
2017-02-13 13:07,2017-02-13 13:12,,,,,
2017-02-13 13:12,2017-02-13 13:17,,,,,
2017-02-13 13:17,2017-02-13 13:22,,,,,
2017-02-13 13:22,2017-02-13 13:27,,,,,
2017-02-13 13:27,2017-02-13 13:32,,,,,
2017-02-13 13:32,2017-02-13 13:37,,,,,
2017-02-13 13:37,2017-02-13 13:42,,,,,
2017-02-13 13:42,2017-02-13 13:47,,,,,
2017-02-13 13:47,2017-02-13 13:52,,,,,
2017-02-13 13:52,2017-02-13 13:57,,,,,
2017-02-13 13:57,2017-02-13 14:02,,,,,
2017-02-13 14:02,2017-02-13 14:07,,,,,
2017-02-13 14:07,2017-02-13 14:12,,,,,
2017-02-13 14:12,2017-02-13 14:17,,,,,
2017-02-13 14:17,2017-02-13 14:22,,,,,
2017-02-13 14:22,2017-02-13 14:27,,,,,
2017-02-13 14:27,2017-02-13 14:32,,,,,
2017-02-13 14:32,2017-02-13 14:37,,,,,
2017-02-13 14:37,2017-02-13 14:42,,,,,
2017-02-13 14:42,2017-02-13 14:47,,,,,
2017-02-13 14:47,2017-02-13 14:52,,,,,
2017-02-13 14:52,2017-02-13 14:57,,,,,
2017-02-13 14:57,2017-02-13 15:02,,,,,
2017-02-13 15:02,2017-02-13 15:07,,,,,
2017-02-13 15:07,2017-02-13 15:12,,,,,
2017-02-13 15:12,2017-02-13 15:17,,,,,
2017-02-13 15:17,2017-02-13 15:22,,,,,
2017-02-13 15:22,2017-02-13 15:27,,,,,
2017-02-13 15:27,2017-02-13 15:32,,,,,
2017-02-13 15:32,2017-02-13 15:37,,,,,
2017-02-13 15:37,2017-02-13 15:42,,,,,
2017-02-13 15:42,2017-02-13 15:47,,,,,
2017-02-13 15:47,2017-02-13 15:52,,,,,
2017-02-13 15:52,2017-02-13 15:57,,,,,
2017-02-13 15:57,2017-02-20 09:32,,,,,
2017-02-20 09:32,2017-02-20 09:37,,,,,
2017-02-20 09:37,2017-02-20 09:42,,,,,
2017-02-20 09:42,2017-02-20 09:47,,,,,
2017-02-20 09:47,2017-02-20 09:52,,,,,
2017-02-20 09:52,2017-02-20 09:57,,,,,
2017-02-20 09:57,2017-02-20 10:02,,,,,
2017-02-20 10:02,2017-02-20 10:07,,,,,
2017-02-20 10:07,2017-02-20 10:12,,,,,
2017-02-20 10:12,2017-02-20 10:17,,,,,
2017-02-20 10:17,2017-02-20 10:22,,,,,
2017-02-20 10:22,2017-02-20 10:27,,,,,
2017-02-20 10:27,2017-02-20 10:32,,,,,
2017-02-20 10:32,2017-02-20 10:37,,,,,
2017-02-20 10:37,2017-02-20 10:42,,,,,
2017-02-20 10:42,2017-02-20 10:47,,,,,
2017-02-20 10:47,2017-02-20 10:52,,,,,
2017-02-20 10:52,2017-02-20 10:57,,,,,
2017-02-20 10:57,2017-02-20 11:02,,,,,
2017-02-20 11:02,2017-02-20 11:07,,,,,
2017-02-20 11:07,2017-02-20 11:12,,,,,
2017-02-20 11:12,2017-02-20 11:17,,,,,
2017-02-20 11:17,2017-02-20 11:22,,,,,
2017-02-20 11:22,2017-02-20 11:27,,,,,
2017-02-20 11:27,2017-02-20 11:32,,,,,
2017-02-20 11:32,2017-02-20 11:37,,,,,
2017-02-20 11:37,2017-02-20 11:42,,,,,
2017-02-20 11:42,2017-02-20 11:47,,,,,
2017-02-20 11:47,2017-02-20 11:52,,,,,
2017-02-20 11:52,2017-02-20 11:57,,,,,
2017-02-20 11:57,2017-02-20 12:02,,,,,
2017-02-20 12:02,2017-02-20 12:07,,,,,
2017-02-20 12:07,2017-02-20 12:12,,,,,
2017-02-20 12:12,2017-02-20 12:17,,,,,
2017-02-20 12:17,2017-02-20 12:22,,,,,
2017-02-20 12:22,2017-02-20 12:27,,,,,
2017-02-20 12:27,2017-02-20 12:32,,,,,
2017-02-20 12:32,2017-02-20 12:37,,,,,
2017-02-20 12:37,2017-02-20 12:42,,,,,
2017-02-20 12:42,2017-02-20 12:47,,,,,
2017-02-20 12:47,2017-02-20 12:52,,,,,
2017-02-20 12:52,2017-02-20 12:57,,,,,
2017-02-20 12:57,2017-02-20 13:02,,,,,
2017-02-20 13:02,2017-02-20 13:07,,,,,
2017-02-20 13:07,2017-02-20 13:12,,,,,
2017-02-20 13:12,2017-02-20 13:17,,,,,
2017-02-20 13:17,2017-02-20 13:22,,,,,
2017-02-20 13:22,2017-02-20 13:27,,,,,
2017-02-20 13:27,2017-02-20 13:32,,,,,
2017-02-20 13:32,2017-02-20 13:37,,,,,
2017-02-20 13:37,2017-02-20 13:42,,,,,
2017-02-20 13:42,2017-02-20 13:47,,,,,
2017-02-20 13:47,2017-02-20 13:52,,,,,
2017-02-20 13:52,2017-02-20 13:57,,,,,
2017-02-20 13:57,2017-02-20 14:02,,,,,
2017-02-20 14:02,2017-02-20 14:07,,,,,
2017-02-20 14:07,2017-02-20 14:12,,,,,
2017-02-20 14:12,2017-02-20 14:17,,,,,
2017-02-20 14:17,2017-02-20 14:22,,,,,
2017-02-20 14:22,2017-02-20 14:27,,,,,
2017-02-20 14:27,2017-02-20 14:32,,,,,
2017-02-20 14:32,2017-02-20 14:37,,,,,
2017-02-20 14:37,2017-02-20 14:42,,,,,
2017-02-20 14:42,2017-02-20 14:47,,,,,
2017-02-20 14:47,2017-02-20 14:52,,,,,
2017-02-20 14:52,2017-02-20 14:57,,,,,
2017-02-20 14:57,2017-02-20 15:02,,,,,
2017-02-20 15:02,2017-02-20 15:07,,,,,
2017-02-20 15:07,2017-02-20 15:12,,,,,
2017-02-20 15:12,2017-02-20 15:17,,,,,
2017-02-20 15:17,2017-02-20 15:22,,,,,
2017-02-20 15:22,2017-02-20 15:27,,,,,
2017-02-20 15:27,2017-02-20 15:32,,,,,
2017-02-20 15:32,2017-02-20 15:37,,,,,
2017-02-20 15:37,2017-02-20 15:42,,,,,
2017-02-20 15:42,2017-02-20 15:47,,,,,
2017-02-20 15:47,2017-02-20 15:52,,,,,
2017-02-20 15:52,2017-02-20 15:57,,,,,
2017-02-20 15:57,2017-02-27 09:32,,,,,
2017-02-27 09:32,2017-02-27 09:37,,,,,
2017-02-27 09:37,2017-02-27 09:42,,,,,
2017-02-27 09:42,2017-02-27 09:47,,,,,
2017-02-27 09:47,2017-02-27 09:52,,,,,
2017-02-27 09:52,2017-02-27 09:57,,,,,
2017-02-27 09:57,2017-02-27 10:02,,,,,
2017-02-27 10:02,2017-02-27 10:07,,,,,
2017-02-27 10:07,2017-02-27 10:12,,,,,
2017-02-27 10:12,2017-02-27 10:17,,,,,
2017-02-27 10:17,2017-02-27 10:22,,,,,
2017-02-27 10:22,2017-02-27 10:27,,,,,
2017-02-27 10:27,2017-02-27 10:32,,,,,
2017-02-27 10:32,2017-02-27 10:37,,,,,
2017-02-27 10:37,2017-02-27 10:42,,,,,
2017-02-27 10:42,2017-02-27 10:47,,,,,
2017-02-27 10:47,2017-02-27 10:52,,,,,
2017-02-27 10:52,2017-02-27 10:57,,,,,
2017-02-27 10:57,2017-02-27 11:02,,,,,
2017-02-27 11:02,2017-02-27 11:07,,,,,
2017-02-27 11:07,2017-02-27 11:12,,,,,
2017-02-27 11:12,2017-02-27 11:17,,,,,
2017-02-27 11:17,2017-02-27 11:22,,,,,
2017-02-27 11:22,2017-02-27 11:27,,,,,
2017-02-27 11:27,2017-02-27 11:32,,,,,
2017-02-27 11:32,2017-02-27 11:37,,,,,
2017-02-27 11:37,2017-02-27 11:42,,,,,
2017-02-27 11:42,2017-02-27 11:47,,,,,
2017-02-27 11:47,2017-02-27 11:52,,,,,
2017-02-27 11:52,2017-02-27 11:57,,,,,
2017-02-27 11:57,2017-02-27 12:02,,,,,
2017-02-27 12:02,2017-02-27 12:07,,,,,
2017-02-27 12:07,2017-02-27 12:12,,,,,
2017-02-27 12:12,2017-02-27 12:17,,,,,
2017-02-27 12:17,2017-02-27 12:22,,,,,
2017-02-27 12:22,2017-02-27 12:27,,,,,
2017-02-27 12:27,2017-02-27 12:32,,,,,
2017-02-27 12:32,2017-02-27 12:37,,,,,
2017-02-27 12:37,2017-02-27 12:42,,,,,
2017-02-27 12:42,2017-02-27 12:47,,,,,
2017-02-27 12:47,2017-02-27 12:52,,,,,
2017-02-27 12:52,2017-02-27 12:57,,,,,
2017-02-27 12:57,2017-02-27 13:02,,,,,
2017-02-27 13:02,2017-02-27 13:07,,,,,
2017-02-27 13:07,2017-02-27 13:12,,,,,
2017-02-27 13:12,2017-02-27 13:17,,,,,
2017-02-27 13:17,2017-02-27 13:22,,,,,
2017-02-27 13:22,2017-02-27 13:27,,,,,
2017-02-27 13:27,2017-02-27 13:32,,,,,
2017-02-27 13:32,2017-02-27 13:37,,,,,
2017-02-27 13:37,2017-02-27 13:42,,,,,
2017-02-27 13:42,2017-02-27 13:47,,,,,
2017-02-27 13:47,2017-02-27 13:52,,,,,
2017-02-27 13:52,2017-02-27 13:57,,,,,
2017-02-27 13:57,2017-02-27 14:02,,,,,
2017-02-27 14:02,2017-02-27 14:07,,,,,
2017-02-27 14:07,2017-02-27 14:12,,,,,
2017-02-27 14:12,2017-02-27 14:17,,,,,
2017-02-27 14:17,2017-02-27 14:22,,,,,
2017-02-27 14:22,2017-02-27 14:27,,,,,
2017-02-27 14:27,2017-02-27 14:32,,,,,
2017-02-27 14:32,2017-02-27 14:37,,,,,
2017-02-27 14:37,2017-02-27 14:42,,,,,
2017-02-27 14:42,2017-02-27 14:47,,,,,
2017-02-27 14:47,2017-02-27 14:52,,,,,
2017-02-27 14:52,2017-02-27 14:57,,,,,
2017-02-27 14:57,2017-02-27 15:02,,,,,
2017-02-27 15:02,2017-02-27 15:07,,,,,
2017-02-27 15:07,2017-02-27 15:12,,,,,
2017-02-27 15:12,2017-02-27 15:17,,,,,
2017-02-27 15:17,2017-02-27 15:22,,,,,
2017-02-27 15:22,2017-02-27 15:27,,,,,
2017-02-27 15:27,2017-02-27 15:32,,,,,
2017-02-27 15:32,2017-02-27 15:37,,,,,
2017-02-27 15:37,2017-02-27 15:42,,,,,
2017-02-27 15:42,2017-02-27 15:47,,,,,
2017-02-27 15:47,2017-02-27 15:52,,,,,
2017-02-27 15:52,2017-02-27 15:57,,,,,
2017-02-27 15:57,2017-03-06 09:32,,,,,
2017-03-06 09:32,2017-03-06 09:37,,,,,
2017-03-06 09:37,2017-03-06 09:42,,,,,
2017-03-06 09:42,2017-03-06 09:47,,,,,
2017-03-06 09:47,2017-03-06 09:52,,,,,
2017-03-06 09:52,2017-03-06 09:57,,,,,
2017-03-06 09:57,2017-03-06 10:02,,,,,
2017-03-06 10:02,2017-03-06 10:07,,,,,
2017-03-06 10:07,2017-03-06 10:12,,,,,
2017-03-06 10:12,2017-03-06 10:17,,,,,
2017-03-06 10:17,2017-03-06 10:22,,,,,
2017-03-06 10:22,2017-03-06 10:27,,,,,
2017-03-06 10:27,2017-03-06 10:32,,,,,
2017-03-06 10:32,2017-03-06 10:37,,,,,
2017-03-06 10:37,2017-03-06 10:42,,,,,
2017-03-06 10:42,2017-03-06 10:47,,,,,
2017-03-06 10:47,2017-03-06 10:52,,,,,
2017-03-06 10:52,2017-03-06 10:57,,,,,
2017-03-06 10:57,2017-03-06 11:02,,,,,
2017-03-06 11:02,2017-03-06 11:07,,,,,
2017-03-06 11:07,2017-03-06 11:12,,,,,
2017-03-06 11:12,2017-03-06 11:17,,,,,
2017-03-06 11:17,2017-03-06 11:22,,,,,
2017-03-06 11:22,2017-03-06 11:27,,,,,
2017-03-06 11:27,2017-03-06 11:32,,,,,
2017-03-06 11:32,2017-03-06 11:37,,,,,
2017-03-06 11:37,2017-03-06 11:42,,,,,
2017-03-06 11:42,2017-03-06 11:47,,,,,
2017-03-06 11:47,2017-03-06 11:52,,,,,
2017-03-06 11:52,2017-03-06 11:57,,,,,
2017-03-06 11:57,2017-03-06 12:02,,,,,
2017-03-06 12:02,2017-03-06 12:07,,,,,
2017-03-06 12:07,2017-03-06 12:12,,,,,
2017-03-06 12:12,2017-03-06 12:17,,,,,
2017-03-06 12:17,2017-03-06 12:22,,,,,
2017-03-06 12:22,2017-03-06 12:27,,,,,
2017-03-06 12:27,2017-03-06 12:32,,,,,
2017-03-06 12:32,2017-03-06 12:37,,,,,
2017-03-06 12:37,2017-03-06 12:42,,,,,
2017-03-06 12:42,2017-03-06 12:47,,,,,
2017-03-06 12:47,2017-03-06 12:52,,,,,
2017-03-06 12:52,2017-03-06 12:57,,,,,
2017-03-06 12:57,2017-03-06 13:02,,,,,
2017-03-06 13:02,2017-03-06 13:07,,,,,
2017-03-06 13:07,2017-03-06 13:12,,,,,
2017-03-06 13:12,2017-03-06 13:17,,,,,
2017-03-06 13:17,2017-03-06 13:22,,,,,
2017-03-06 13:22,2017-03-06 13:27,,,,,
2017-03-06 13:27,2017-03-06 13:32,,,,,
2017-03-06 13:32,2017-03-06 13:37,,,,,
2017-03-06 13:37,2017-03-06 13:42,,,,,
2017-03-06 13:42,2017-03-06 13:47,,,,,
2017-03-06 13:47,2017-03-06 13:52,,,,,
2017-03-06 13:52,2017-03-06 13:57,,,,,
2017-03-06 13:57,2017-03-06 14:02,,,,,
2017-03-06 14:02,2017-03-06 14:07,,,,,
2017-03-06 14:07,2017-03-06 14:12,,,,,
2017-03-06 14:12,2017-03-06 14:17,,,,,
2017-03-06 14:17,2017-03-06 14:22,,,,,
2017-03-06 14:22,2017-03-06 14:27,,,,,
2017-03-06 14:27,2017-03-06 14:32,,,,,
2017-03-06 14:32,2017-03-06 14:37,,,,,
2017-03-06 14:37,2017-03-06 14:42,,,,,
2017-03-06 14:42,2017-03-06 14:47,,,,,
2017-03-06 14:47,2017-03-06 14:52,,,,,
2017-03-06 14:52,2017-03-06 14:57,,,,,
2017-03-06 14:57,2017-03-06 15:02,,,,,
2017-03-06 15:02,2017-03-06 15:07,,,,,
2017-03-06 15:07,2017-03-06 15:12,,,,,
2017-03-06 15:12,2017-03-06 15:17,,,,,
2017-03-06 15:17,2017-03-06 15:22,,,,,
2017-03-06 15:22,2017-03-06 15:27,,,,,
2017-03-06 15:27,2017-03-06 15:32,,,,,
2017-03-06 15:32,2017-03-06 15:37,,,,,
2017-03-06 15:37,2017-03-06 15:42,,,,,
2017-03-06 15:42,2017-03-06 15:47,,,,,
2017-03-06 15:47,2017-03-06 15:52,,,,,
2017-03-06 15:52,2017-03-06 15:57,,,,,
2017-03-06 15:57,2017-03-13 09:32,,,,,
2017-03-13 09:32,2017-03-13 09:37,,,,,
2017-03-13 09:37,2017-03-13 09:42,,,,,
2017-03-13 09:42,2017-03-13 09:47,,,,,
2017-03-13 09:47,2017-03-13 09:52,,,,,
2017-03-13 09:52,2017-03-13 09:57,,,,,
2017-03-13 09:57,2017-03-13 10:02,,,,,
2017-03-13 10:02,2017-03-13 10:07,,,,,
2017-03-13 10:07,2017-03-13 10:12,,,,,
2017-03-13 10:12,2017-03-13 10:17,,,,,
2017-03-13 10:17,2017-03-13 10:22,,,,,
2017-03-13 10:22,2017-03-13 10:27,,,,,
2017-03-13 10:27,2017-03-13 10:32,,,,,
2017-03-13 10:32,2017-03-13 10:37,,,,,
2017-03-13 10:37,2017-03-13 10:42,,,,,
2017-03-13 10:42,2017-03-13 10:47,,,,,
2017-03-13 10:47,2017-03-13 10:52,,,,,
2017-03-13 10:52,2017-03-13 10:57,,,,,
2017-03-13 10:57,2017-03-13 11:02,,,,,
2017-03-13 11:02,2017-03-13 11:07,,,,,
2017-03-13 11:07,2017-03-13 11:12,,,,,
2017-03-13 11:12,2017-03-13 11:17,,,,,
2017-03-13 11:17,2017-03-13 11:22,,,,,
2017-03-13 11:22,2017-03-13 11:27,,,,,
2017-03-13 11:27,2017-03-13 11:32,,,,,
2017-03-13 11:32,2017-03-13 11:37,,,,,
2017-03-13 11:37,2017-03-13 11:42,,,,,
2017-03-13 11:42,2017-03-13 11:47,,,,,
2017-03-13 11:47,2017-03-13 11:52,,,,,
2017-03-13 11:52,2017-03-13 11:57,,,,,
2017-03-13 11:57,2017-03-13 12:02,,,,,
2017-03-13 12:02,2017-03-13 12:07,,,,,
2017-03-13 12:07,2017-03-13 12:12,,,,,
2017-03-13 12:12,2017-03-13 12:17,,,,,
2017-03-13 12:17,2017-03-13 12:22,,,,,
2017-03-13 12:22,2017-03-13 12:27,,,,,
2017-03-13 12:27,2017-03-13 12:32,,,,,
2017-03-13 12:32,2017-03-13 12:37,,,,,
2017-03-13 12:37,2017-03-13 12:42,,,,,
2017-03-13 12:42,2017-03-13 12:47,,,,,
2017-03-13 12:47,2017-03-13 12:52,,,,,
2017-03-13 12:52,2017-03-13 12:57,,,,,
2017-03-13 12:57,2017-03-13 13:02,,,,,
2017-03-13 13:02,2017-03-13 13:07,,,,,
2017-03-13 13:07,2017-03-13 13:12,,,,,
2017-03-13 13:12,2017-03-13 13:17,,,,,
2017-03-13 13:17,2017-03-13 13:22,,,,,
2017-03-13 13:22,2017-03-13 13:27,,,,,
2017-03-13 13:27,2017-03-13 13:32,,,,,
2017-03-13 13:32,2017-03-13 13:37,,,,,
2017-03-13 13:37,2017-03-13 13:42,,,,,
2017-03-13 13:42,2017-03-13 13:47,,,,,
2017-03-13 13:47,2017-03-13 13:52,,,,,
2017-03-13 13:52,2017-03-13 13:57,,,,,
2017-03-13 13:57,2017-03-13 14:02,,,,,
2017-03-13 14:02,2017-03-13 14:07,,,,,
2017-03-13 14:07,2017-03-13 14:12,,,,,
2017-03-13 14:12,2017-03-13 14:17,,,,,
2017-03-13 14:17,2017-03-13 14:22,,,,,
2017-03-13 14:22,2017-03-13 14:27,,,,,
2017-03-13 14:27,2017-03-13 14:32,,,,,
2017-03-13 14:32,2017-03-13 14:37,,,,,
2017-03-13 14:37,2017-03-13 14:42,,,,,
2017-03-13 14:42,2017-03-13 14:47,,,,,
2017-03-13 14:47,2017-03-13 14:52,,,,,
2017-03-13 14:52,2017-03-13 14:57,,,,,
2017-03-13 14:57,2017-03-13 15:02,,,,,
2017-03-13 15:02,2017-03-13 15:07,,,,,
2017-03-13 15:07,2017-03-13 15:12,,,,,
2017-03-13 15:12,2017-03-13 15:17,,,,,
2017-03-13 15:17,2017-03-13 15:22,,,,,
2017-03-13 15:22,2017-03-13 15:27,,,,,
2017-03-13 15:27,2017-03-13 15:32,,,,,
2017-03-13 15:32,2017-03-13 15:37,,,,,
2017-03-13 15:37,2017-03-13 15:42,,,,,
2017-03-13 15:42,2017-03-13 15:47,,,,,
2017-03-13 15:47,2017-03-13 15:52,,,,,
2017-03-13 15:52,2017-03-13 15:57,,,,,
2017-03-13 15:57,2017-03-20 09:32,,,,,
2017-03-20 09:32,2017-03-20 09:37,,,,,
2017-03-20 09:37,2017-03-20 09:42,,,,,
2017-03-20 09:42,2017-03-20 09:47,,,,,
2017-03-20 09:47,2017-03-20 09:52,,,,,
2017-03-20 09:52,2017-03-20 09:57,,,,,
2017-03-20 09:57,2017-03-20 10:02,,,,,
2017-03-20 10:02,2017-03-20 10:07,,,,,
2017-03-20 10:07,2017-03-20 10:12,,,,,
2017-03-20 10:12,2017-03-20 10:17,,,,,
2017-03-20 10:17,2017-03-20 10:22,,,,,
2017-03-20 10:22,2017-03-20 10:27,,,,,
2017-03-20 10:27,2017-03-20 10:32,,,,,
2017-03-20 10:32,2017-03-20 10:37,,,,,
2017-03-20 10:37,2017-03-20 10:42,,,,,
2017-03-20 10:42,2017-03-20 10:47,,,,,
2017-03-20 10:47,2017-03-20 10:52,,,,,
2017-03-20 10:52,2017-03-20 10:57,,,,,
2017-03-20 10:57,2017-03-20 11:02,,,,,
2017-03-20 11:02,2017-03-20 11:07,,,,,
2017-03-20 11:07,2017-03-20 11:12,,,,,
2017-03-20 11:12,2017-03-20 11:17,,,,,
2017-03-20 11:17,2017-03-20 11:22,,,,,
2017-03-20 11:22,2017-03-20 11:27,,,,,
2017-03-20 11:27,2017-03-20 11:32,,,,,
2017-03-20 11:32,2017-03-20 11:37,,,,,
2017-03-20 11:37,2017-03-20 11:42,,,,,
2017-03-20 11:42,2017-03-20 11:47,,,,,
2017-03-20 11:47,2017-03-20 11:52,,,,,
2017-03-20 11:52,2017-03-20 11:57,,,,,
2017-03-20 11:57,2017-03-20 12:02,,,,,
2017-03-20 12:02,2017-03-20 12:07,,,,,
2017-03-20 12:07,2017-03-20 12:12,,,,,
2017-03-20 12:12,2017-03-20 12:17,,,,,
2017-03-20 12:17,2017-03-20 12:22,,,,,
2017-03-20 12:22,2017-03-20 12:27,,,,,
2017-03-20 12:27,2017-03-20 12:32,,,,,
2017-03-20 12:32,2017-03-20 12:37,,,,,
2017-03-20 12:37,2017-03-20 12:42,,,,,
2017-03-20 12:42,2017-03-20 12:47,,,,,
2017-03-20 12:47,2017-03-20 12:52,,,,,
2017-03-20 12:52,2017-03-20 12:57,,,,,
2017-03-20 12:57,2017-03-20 13:02,,,,,
2017-03-20 13:02,2017-03-20 13:07,,,,,
2017-03-20 13:07,2017-03-20 13:12,,,,,
2017-03-20 13:12,2017-03-20 13:17,,,,,
2017-03-20 13:17,2017-03-20 13:22,,,,,
2017-03-20 13:22,2017-03-20 13:27,,,,,
2017-03-20 13:27,2017-03-20 13:32,,,,,
2017-03-20 13:32,2017-03-20 13:37,,,,,
2017-03-20 13:37,2017-03-20 13:42,,,,,
2017-03-20 13:42,2017-03-20 13:47,,,,,
2017-03-20 13:47,2017-03-20 13:52,,,,,
2017-03-20 13:52,2017-03-20 13:57,,,,,
2017-03-20 13:57,2017-03-20 14:02,,,,,
2017-03-20 14:02,2017-03-20 14:07,,,,,
2017-03-20 14:07,2017-03-20 14:12,,,,,
2017-03-20 14:12,2017-03-20 14:17,,,,,
2017-03-20 14:17,2017-03-20 14:22,,,,,
2017-03-20 14:22,2017-03-20 14:27,,,,,
2017-03-20 14:27,2017-03-20 14:32,,,,,
2017-03-20 14:32,2017-03-20 14:37,,,,,
2017-03-20 14:37,2017-03-20 14:42,,,,,
2017-03-20 14:42,2017-03-20 14:47,,,,,
2017-03-20 14:47,2017-03-20 14:52,,,,,
2017-03-20 14:52,2017-03-20 14:57,,,,,
2017-03-20 14:57,2017-03-20 15:02,,,,,
2017-03-20 15:02,2017-03-20 15:07,,,,,
2017-03-20 15:07,2017-03-20 15:12,,,,,
2017-03-20 15:12,2017-03-20 15:17,,,,,
2017-03-20 15:17,2017-03-20 15:22,,,,,
2017-03-20 15:22,2017-03-20 15:27,,,,,
2017-03-20 15:27,2017-03-20 15:32,,,,,
2017-03-20 15:32,2017-03-20 15:37,,,,,
2017-03-20 15:37,2017-03-20 15:42,,,,,
2017-03-20 15:42,2017-03-20 15:47,,,,,
2017-03-20 15:47,2017-03-20 15:52,,,,,
2017-03-20 15:52,2017-03-20 15:57,,,,,
2017-03-20 15:57,2017-03-27 09:32,,,,,
2017-03-27 09:32,2017-03-27 09:37,,,,,
2017-03-27 09:37,2017-03-27 09:42,,,,,
2017-03-27 09:42,2017-03-27 09:47,,,,,
2017-03-27 09:47,2017-03-27 09:52,,,,,
2017-03-27 09:52,2017-03-27 09:57,,,,,
2017-03-27 09:57,2017-03-27 10:02,,,,,
2017-03-27 10:02,2017-03-27 10:07,,,,,
2017-03-27 10:07,2017-03-27 10:12,,,,,
2017-03-27 10:12,2017-03-27 10:17,,,,,
2017-03-27 10:17,2017-03-27 10:22,,,,,
2017-03-27 10:22,2017-03-27 10:27,,,,,
2017-03-27 10:27,2017-03-27 10:32,,,,,
2017-03-27 10:32,2017-03-27 10:37,,,,,
2017-03-27 10:37,2017-03-27 10:42,,,,,
2017-03-27 10:42,2017-03-27 10:47,,,,,
2017-03-27 10:47,2017-03-27 10:52,,,,,
2017-03-27 10:52,2017-03-27 10:57,,,,,
2017-03-27 10:57,2017-03-27 11:02,,,,,
2017-03-27 11:02,2017-03-27 11:07,,,,,
2017-03-27 11:07,2017-03-27 11:12,,,,,
2017-03-27 11:12,2017-03-27 11:17,,,,,
2017-03-27 11:17,2017-03-27 11:22,,,,,
2017-03-27 11:22,2017-03-27 11:27,,,,,
2017-03-27 11:27,2017-03-27 11:32,,,,,
2017-03-27 11:32,2017-03-27 11:37,,,,,
2017-03-27 11:37,2017-03-27 11:42,,,,,
2017-03-27 11:42,2017-03-27 11:47,,,,,
2017-03-27 11:47,2017-03-27 11:52,,,,,
2017-03-27 11:52,2017-03-27 11:57,,,,,
2017-03-27 11:57,2017-03-27 12:02,,,,,
2017-03-27 12:02,2017-03-27 12:07,,,,,
2017-03-27 12:07,2017-03-27 12:12,,,,,
2017-03-27 12:12,2017-03-27 12:17,,,,,
2017-03-27 12:17,2017-03-27 12:22,,,,,
2017-03-27 12:22,2017-03-27 12:27,,,,,
2017-03-27 12:27,2017-03-27 12:32,,,,,
2017-03-27 12:32,2017-03-27 12:37,,,,,
2017-03-27 12:37,2017-03-27 12:42,,,,,
2017-03-27 12:42,2017-03-27 12:47,,,,,
2017-03-27 12:47,2017-03-27 12:52,,,,,
2017-03-27 12:52,2017-03-27 12:57,,,,,
2017-03-27 12:57,2017-03-27 13:02,,,,,
2017-03-27 13:02,2017-03-27 13:07,,,,,
2017-03-27 13:07,2017-03-27 13:12,,,,,
2017-03-27 13:12,2017-03-27 13:17,,,,,
2017-03-27 13:17,2017-03-27 13:22,,,,,
2017-03-27 13:22,2017-03-27 13:27,,,,,
2017-03-27 13:27,2017-03-27 13:32,,,,,
2017-03-27 13:32,2017-03-27 13:37,,,,,
2017-03-27 13:37,2017-03-27 13:42,,,,,
2017-03-27 13:42,2017-03-27 13:47,,,,,
2017-03-27 13:47,2017-03-27 13:52,,,,,
2017-03-27 13:52,2017-03-27 13:57,,,,,
2017-03-27 13:57,2017-03-27 14:02,,,,,
2017-03-27 14:02,2017-03-27 14:07,,,,,
2017-03-27 14:07,2017-03-27 14:12,,,,,
2017-03-27 14:12,2017-03-27 14:17,,,,,
2017-03-27 14:17,2017-03-27 14:22,,,,,
2017-03-27 14:22,2017-03-27 14:27,,,,,
2017-03-27 14:27,2017-03-27 14:32,,,,,
2017-03-27 14:32,2017-03-27 14:37,,,,,
2017-03-27 14:37,2017-03-27 14:42,,,,,
2017-03-27 14:42,2017-03-27 14:47,,,,,
2017-03-27 14:47,2017-03-27 14:52,,,,,
2017-03-27 14:52,2017-03-27 14:57,,,,,
2017-03-27 14:57,2017-03-27 15:02,,,,,
2017-03-27 15:02,2017-03-27 15:07,,,,,
2017-03-27 15:07,2017-03-27 15:12,,,,,
2017-03-27 15:12,2017-03-27 15:17,,,,,
2017-03-27 15:17,2017-03-27 15:22,,,,,
2017-03-27 15:22,2017-03-27 15:27,,,,,
2017-03-27 15:27,2017-03-27 15:32,,,,,
2017-03-27 15:32,2017-03-27 15:37,,,,,
2017-03-27 15:37,2017-03-27 15:42,,,,,
2017-03-27 15:42,2017-03-27 15:47,,,,,
2017-03-27 15:47,2017-03-27 15:52,,,,,
2017-03-27 15:52,2017-03-27 15:57,,,,,
2017-03-27 15:57,2017-04-03 09:32,,,,,
2017-04-03 09:32,2017-04-03 09:37,,,,,
2017-04-03 09:37,2017-04-03 09:42,,,,,
2017-04-03 09:42,2017-04-03 09:47,,,,,
2017-04-03 09:47,2017-04-03 09:52,,,,,
2017-04-03 09:52,2017-04-03 09:57,,,,,
2017-04-03 09:57,2017-04-03 10:02,,,,,
2017-04-03 10:02,2017-04-03 10:07,,,,,
2017-04-03 10:07,2017-04-03 10:12,,,,,
2017-04-03 10:12,2017-04-03 10:17,,,,,
2017-04-03 10:17,2017-04-03 10:22,,,,,
2017-04-03 10:22,2017-04-03 10:27,,,,,
2017-04-03 10:27,2017-04-03 10:32,,,,,
2017-04-03 10:32,2017-04-03 10:37,,,,,
2017-04-03 10:37,2017-04-03 10:42,,,,,
2017-04-03 10:42,2017-04-03 10:47,,,,,
2017-04-03 10:47,2017-04-03 10:52,,,,,
2017-04-03 10:52,2017-04-03 10:57,,,,,
2017-04-03 10:57,2017-04-03 11:02,,,,,
2017-04-03 11:02,2017-04-03 11:07,,,,,
2017-04-03 11:07,2017-04-03 11:12,,,,,
2017-04-03 11:12,2017-04-03 11:17,,,,,
2017-04-03 11:17,2017-04-03 11:22,,,,,
2017-04-03 11:22,2017-04-03 11:27,,,,,
2017-04-03 11:27,2017-04-03 11:32,,,,,
2017-04-03 11:32,2017-04-03 11:37,,,,,
2017-04-03 11:37,2017-04-03 11:42,,,,,
2017-04-03 11:42,2017-04-03 11:47,,,,,
2017-04-03 11:47,2017-04-03 11:52,,,,,
2017-04-03 11:52,2017-04-03 11:57,,,,,
2017-04-03 11:57,2017-04-03 12:02,,,,,
2017-04-03 12:02,2017-04-03 12:07,,,,,
2017-04-03 12:07,2017-04-03 12:12,,,,,
2017-04-03 12:12,2017-04-03 12:17,,,,,
2017-04-03 12:17,2017-04-03 12:22,,,,,
2017-04-03 12:22,2017-04-03 12:27,,,,,
2017-04-03 12:27,2017-04-03 12:32,,,,,
2017-04-03 12:32,2017-04-03 12:37,,,,,
2017-04-03 12:37,2017-04-03 12:42,,,,,
2017-04-03 12:42,2017-04-03 12:47,,,,,
2017-04-03 12:47,2017-04-03 12:52,,,,,
2017-04-03 12:52,2017-04-03 12:57,,,,,
2017-04-03 12:57,2017-04-03 13:02,,,,,
2017-04-03 13:02,2017-04-03 13:07,,,,,
2017-04-03 13:07,2017-04-03 13:12,,,,,
2017-04-03 13:12,2017-04-03 13:17,,,,,
2017-04-03 13:17,2017-04-03 13:22,,,,,
2017-04-03 13:22,2017-04-03 13:27,,,,,
2017-04-03 13:27,2017-04-03 13:32,,,,,
2017-04-03 13:32,2017-04-03 13:37,,,,,
2017-04-03 13:37,2017-04-03 13:42,,,,,
2017-04-03 13:42,2017-04-03 13:47,,,,,
2017-04-03 13:47,2017-04-03 13:52,,,,,
2017-04-03 13:52,2017-04-03 13:57,,,,,
2017-04-03 13:57,2017-04-03 14:02,,,,,
2017-04-03 14:02,2017-04-03 14:07,,,,,
2017-04-03 14:07,2017-04-03 14:12,,,,,
2017-04-03 14:12,2017-04-03 14:17,,,,,
2017-04-03 14:17,2017-04-03 14:22,,,,,
2017-04-03 14:22,2017-04-03 14:27,,,,,
2017-04-03 14:27,2017-04-03 14:32,,,,,
2017-04-03 14:32,2017-04-03 14:37,,,,,
2017-04-03 14:37,2017-04-03 14:42,,,,,
2017-04-03 14:42,2017-04-03 14:47,,,,,
2017-04-03 14:47,2017-04-03 14:52,,,,,
2017-04-03 14:52,2017-04-03 14:57,,,,,
2017-04-03 14:57,2017-04-03 15:02,,,,,
2017-04-03 15:02,2017-04-03 15:07,,,,,
2017-04-03 15:07,2017-04-03 15:12,,,,,
2017-04-03 15:12,2017-04-03 15:17,,,,,
2017-04-03 15:17,2017-04-03 15:22,,,,,
2017-04-03 15:22,2017-04-03 15:27,,,,,
2017-04-03 15:27,2017-04-03 15:32,,,,,
2017-04-03 15:32,2017-04-03 15:37,,,,,
2017-04-03 15:37,2017-04-03 15:42,,,,,
2017-04-03 15:42,2017-04-03 15:47,,,,,
2017-04-03 15:47,2017-04-03 15:52,,,,,
2017-04-03 15:52,2017-04-03 15:57,,,,,
2017-04-03 15:57,2017-04-10 09:32,,,,,
2017-04-10 09:32,2017-04-10 09:37,,,,,
2017-04-10 09:37,2017-04-10 09:42,,,,,
2017-04-10 09:42,2017-04-10 09:47,,,,,
2017-04-10 09:47,2017-04-10 09:52,,,,,
2017-04-10 09:52,2017-04-10 09:57,,,,,
2017-04-10 09:57,2017-04-10 10:02,,,,,
2017-04-10 10:02,2017-04-10 10:07,,,,,
2017-04-10 10:07,2017-04-10 10:12,,,,,
2017-04-10 10:12,2017-04-10 10:17,,,,,
2017-04-10 10:17,2017-04-10 10:22,,,,,
2017-04-10 10:22,2017-04-10 10:27,,,,,
2017-04-10 10:27,2017-04-10 10:32,,,,,
2017-04-10 10:32,2017-04-10 10:37,,,,,
2017-04-10 10:37,2017-04-10 10:42,,,,,
2017-04-10 10:42,2017-04-10 10:47,,,,,
2017-04-10 10:47,2017-04-10 10:52,,,,,
2017-04-10 10:52,2017-04-10 10:57,,,,,
2017-04-10 10:57,2017-04-10 11:02,,,,,
2017-04-10 11:02,2017-04-10 11:07,,,,,
2017-04-10 11:07,2017-04-10 11:12,,,,,
2017-04-10 11:12,2017-04-10 11:17,,,,,
2017-04-10 11:17,2017-04-10 11:22,,,,,
2017-04-10 11:22,2017-04-10 11:27,,,,,
2017-04-10 11:27,2017-04-10 11:32,,,,,
2017-04-10 11:32,2017-04-10 11:37,,,,,
2017-04-10 11:37,2017-04-10 11:42,,,,,
2017-04-10 11:42,2017-04-10 11:47,,,,,
2017-04-10 11:47,2017-04-10 11:52,,,,,
2017-04-10 11:52,2017-04-10 11:57,,,,,
2017-04-10 11:57,2017-04-10 12:02,,,,,
2017-04-10 12:02,2017-04-10 12:07,,,,,
2017-04-10 12:07,2017-04-10 12:12,,,,,
2017-04-10 12:12,2017-04-10 12:17,,,,,
2017-04-10 12:17,2017-04-10 12:22,,,,,
2017-04-10 12:22,2017-04-10 12:27,,,,,
2017-04-10 12:27,2017-04-10 12:32,,,,,
2017-04-10 12:32,2017-04-10 12:37,,,,,
2017-04-10 12:37,2017-04-10 12:42,,,,,
2017-04-10 12:42,2017-04-10 12:47,,,,,
2017-04-10 12:47,2017-04-10 12:52,,,,,
2017-04-10 12:52,2017-04-10 12:57,,,,,
2017-04-10 12:57,2017-04-10 13:02,,,,,
2017-04-10 13:02,2017-04-10 13:07,,,,,
2017-04-10 13:07,2017-04-10 13:12,,,,,
2017-04-10 13:12,2017-04-10 13:17,,,,,
2017-04-10 13:17,2017-04-10 13:22,,,,,
2017-04-10 13:22,2017-04-10 13:27,,,,,
2017-04-10 13:27,2017-04-10 13:32,,,,,
2017-04-10 13:32,2017-04-10 13:37,,,,,
2017-04-10 13:37,2017-04-10 13:42,,,,,
2017-04-10 13:42,2017-04-10 13:47,,,,,
2017-04-10 13:47,2017-04-10 13:52,,,,,
2017-04-10 13:52,2017-04-10 13:57,,,,,
2017-04-10 13:57,2017-04-10 14:02,,,,,
2017-04-10 14:02,2017-04-10 14:07,,,,,
2017-04-10 14:07,2017-04-10 14:12,,,,,
2017-04-10 14:12,2017-04-10 14:17,,,,,
2017-04-10 14:17,2017-04-10 14:22,,,,,
2017-04-10 14:22,2017-04-10 14:27,,,,,
2017-04-10 14:27,2017-04-10 14:32,,,,,
2017-04-10 14:32,2017-04-10 14:37,,,,,
2017-04-10 14:37,2017-04-10 14:42,,,,,
2017-04-10 14:42,2017-04-10 14:47,,,,,
2017-04-10 14:47,2017-04-10 14:52,,,,,
2017-04-10 14:52,2017-04-10 14:57,,,,,
2017-04-10 14:57,2017-04-10 15:02,,,,,
2017-04-10 15:02,2017-04-10 15:07,,,,,
2017-04-10 15:07,2017-04-10 15:12,,,,,
2017-04-10 15:12,2017-04-10 15:17,,,,,
2017-04-10 15:17,2017-04-10 15:22,,,,,
2017-04-10 15:22,2017-04-10 15:27,,,,,
2017-04-10 15:27,2017-04-10 15:32,,,,,
2017-04-10 15:32,2017-04-10 15:37,,,,,
2017-04-10 15:37,2017-04-10 15:42,,,,,
2017-04-10 15:42,2017-04-10 15:47,,,,,
2017-04-10 15:47,2017-04-10 15:52,,,,,
2017-04-10 15:52,2017-04-10 15:57,,,,,
2017-04-10 15:57,2017-04-17 09:32,,,,,
2017-04-17 09:32,2017-04-17 09:37,,,,,
2017-04-17 09:37,2017-04-17 09:42,,,,,
2017-04-17 09:42,2017-04-17 09:47,,,,,
2017-04-17 09:47,2017-04-17 09:52,,,,,
2017-04-17 09:52,2017-04-17 09:57,,,,,
2017-04-17 09:57,2017-04-17 10:02,,,,,
2017-04-17 10:02,2017-04-17 10:07,,,,,
2017-04-17 10:07,2017-04-17 10:12,,,,,
2017-04-17 10:12,2017-04-17 10:17,,,,,
2017-04-17 10:17,2017-04-17 10:22,,,,,
2017-04-17 10:22,2017-04-17 10:27,,,,,
2017-04-17 10:27,2017-04-17 10:32,,,,,
2017-04-17 10:32,2017-04-17 10:37,,,,,
2017-04-17 10:37,2017-04-17 10:42,,,,,
2017-04-17 10:42,2017-04-17 10:47,,,,,
2017-04-17 10:47,2017-04-17 10:52,,,,,
2017-04-17 10:52,2017-04-17 10:57,,,,,
2017-04-17 10:57,2017-04-17 11:02,,,,,
2017-04-17 11:02,2017-04-17 11:07,,,,,
2017-04-17 11:07,2017-04-17 11:12,,,,,
2017-04-17 11:12,2017-04-17 11:17,,,,,
2017-04-17 11:17,2017-04-17 11:22,,,,,
2017-04-17 11:22,2017-04-17 11:27,,,,,
2017-04-17 11:27,2017-04-17 11:32,,,,,
2017-04-17 11:32,2017-04-17 11:37,,,,,
2017-04-17 11:37,2017-04-17 11:42,,,,,
2017-04-17 11:42,2017-04-17 11:47,,,,,
2017-04-17 11:47,2017-04-17 11:52,,,,,
2017-04-17 11:52,2017-04-17 11:57,,,,,
2017-04-17 11:57,2017-04-17 12:02,,,,,
2017-04-17 12:02,2017-04-17 12:07,,,,,
2017-04-17 12:07,2017-04-17 12:12,,,,,
2017-04-17 12:12,2017-04-17 12:17,,,,,
2017-04-17 12:17,2017-04-17 12:22,,,,,
2017-04-17 12:22,2017-04-17 12:27,,,,,
2017-04-17 12:27,2017-04-17 12:32,,,,,
2017-04-17 12:32,2017-04-17 12:37,,,,,
2017-04-17 12:37,2017-04-17 12:42,,,,,
2017-04-17 12:42,2017-04-17 12:47,,,,,
2017-04-17 12:47,2017-04-17 12:52,,,,,
2017-04-17 12:52,2017-04-17 12:57,,,,,
2017-04-17 12:57,2017-04-17 13:02,,,,,
2017-04-17 13:02,2017-04-17 13:07,,,,,
2017-04-17 13:07,2017-04-17 13:12,,,,,
2017-04-17 13:12,2017-04-17 13:17,,,,,
2017-04-17 13:17,2017-04-17 13:22,,,,,
2017-04-17 13:22,2017-04-17 13:27,,,,,
2017-04-17 13:27,2017-04-17 13:32,,,,,
2017-04-17 13:32,2017-04-17 13:37,,,,,
2017-04-17 13:37,2017-04-17 13:42,,,,,
2017-04-17 13:42,2017-04-17 13:47,,,,,
2017-04-17 13:47,2017-04-17 13:52,,,,,
2017-04-17 13:52,2017-04-17 13:57,,,,,
2017-04-17 13:57,2017-04-17 14:02,,,,,
2017-04-17 14:02,2017-04-17 14:07,,,,,
2017-04-17 14:07,2017-04-17 14:12,,,,,
2017-04-17 14:12,2017-04-17 14:17,,,,,
2017-04-17 14:17,2017-04-17 14:22,,,,,
2017-04-17 14:22,2017-04-17 14:27,,,,,
2017-04-17 14:27,2017-04-17 14:32,,,,,
2017-04-17 14:32,2017-04-17 14:37,,,,,
2017-04-17 14:37,2017-04-17 14:42,,,,,
2017-04-17 14:42,2017-04-17 14:47,,,,,
2017-04-17 14:47,2017-04-17 14:52,,,,,
2017-04-17 14:52,2017-04-17 14:57,,,,,
2017-04-17 14:57,2017-04-17 15:02,,,,,
2017-04-17 15:02,2017-04-17 15:07,,,,,
2017-04-17 15:07,2017-04-17 15:12,,,,,
2017-04-17 15:12,2017-04-17 15:17,,,,,
2017-04-17 15:17,2017-04-17 15:22,,,,,
2017-04-17 15:22,2017-04-17 15:27,,,,,
2017-04-17 15:27,2017-04-17 15:32,,,,,
2017-04-17 15:32,2017-04-17 15:37,,,,,
2017-04-17 15:37,2017-04-17 15:42,,,,,
2017-04-17 15:42,2017-04-17 15:47,,,,,
2017-04-17 15:47,2017-04-17 15:52,,,,,
2017-04-17 15:52,2017-04-17 15:57,,,,,
2017-04-17 15:57,2017-04-24 09:32,,,,,
2017-04-24 09:32,2017-04-24 09:37,,,,,
2017-04-24 09:37,2017-04-24 09:42,,,,,
2017-04-24 09:42,2017-04-24 09:47,,,,,
2017-04-24 09:47,2017-04-24 09:52,,,,,
2017-04-24 09:52,2017-04-24 09:57,,,,,
2017-04-24 09:57,2017-04-24 10:02,,,,,
2017-04-24 10:02,2017-04-24 10:07,,,,,
2017-04-24 10:07,2017-04-24 10:12,,,,,
2017-04-24 10:12,2017-04-24 10:17,,,,,
2017-04-24 10:17,2017-04-24 10:22,,,,,
2017-04-24 10:22,2017-04-24 10:27,,,,,
2017-04-24 10:27,2017-04-24 10:32,,,,,
2017-04-24 10:32,2017-04-24 10:37,,,,,
2017-04-24 10:37,2017-04-24 10:42,,,,,
2017-04-24 10:42,2017-04-24 10:47,,,,,
2017-04-24 10:47,2017-04-24 10:52,,,,,
2017-04-24 10:52,2017-04-24 10:57,,,,,
2017-04-24 10:57,2017-04-24 11:02,,,,,
2017-04-24 11:02,2017-04-24 11:07,,,,,
2017-04-24 11:07,2017-04-24 11:12,,,,,
2017-04-24 11:12,2017-04-24 11:17,,,,,
2017-04-24 11:17,2017-04-24 11:22,,,,,
2017-04-24 11:22,2017-04-24 11:27,,,,,
2017-04-24 11:27,2017-04-24 11:32,,,,,
2017-04-24 11:32,2017-04-24 11:37,,,,,
2017-04-24 11:37,2017-04-24 11:42,,,,,
2017-04-24 11:42,2017-04-24 11:47,,,,,
2017-04-24 11:47,2017-04-24 11:52,,,,,
2017-04-24 11:52,2017-04-24 11:57,,,,,
2017-04-24 11:57,2017-04-24 12:02,,,,,
2017-04-24 12:02,2017-04-24 12:07,,,,,
2017-04-24 12:07,2017-04-24 12:12,,,,,
2017-04-24 12:12,2017-04-24 12:17,,,,,
2017-04-24 12:17,2017-04-24 12:22,,,,,
2017-04-24 12:22,2017-04-24 12:27,,,,,
2017-04-24 12:27,2017-04-24 12:32,,,,,
2017-04-24 12:32,2017-04-24 12:37,,,,,
2017-04-24 12:37,2017-04-24 12:42,,,,,
2017-04-24 12:42,2017-04-24 12:47,,,,,
2017-04-24 12:47,2017-04-24 12:52,,,,,
2017-04-24 12:52,2017-04-24 12:57,,,,,
2017-04-24 12:57,2017-04-24 13:02,,,,,
2017-04-24 13:02,2017-04-24 13:07,,,,,
2017-04-24 13:07,2017-04-24 13:12,,,,,
2017-04-24 13:12,2017-04-24 13:17,,,,,
2017-04-24 13:17,2017-04-24 13:22,,,,,
2017-04-24 13:22,2017-04-24 13:27,,,,,
2017-04-24 13:27,2017-04-24 13:32,,,,,
2017-04-24 13:32,2017-04-24 13:37,,,,,
2017-04-24 13:37,2017-04-24 13:42,,,,,
2017-04-24 13:42,2017-04-24 13:47,,,,,
2017-04-24 13:47,2017-04-24 13:52,,,,,
2017-04-24 13:52,2017-04-24 13:57,,,,,
2017-04-24 13:57,2017-04-24 14:02,,,,,
2017-04-24 14:02,2017-04-24 14:07,,,,,
2017-04-24 14:07,2017-04-24 14:12,,,,,
2017-04-24 14:12,2017-04-24 14:17,,,,,
2017-04-24 14:17,2017-04-24 14:22,,,,,
2017-04-24 14:22,2017-04-24 14:27,,,,,
2017-04-24 14:27,2017-04-24 14:32,,,,,
2017-04-24 14:32,2017-04-24 14:37,,,,,
2017-04-24 14:37,2017-04-24 14:42,,,,,
2017-04-24 14:42,2017-04-24 14:47,,,,,
2017-04-24 14:47,2017-04-24 14:52,,,,,
2017-04-24 14:52,2017-04-24 14:57,,,,,
2017-04-24 14:57,2017-04-24 15:02,,,,,
2017-04-24 15:02,2017-04-24 15:07,,,,,
2017-04-24 15:07,2017-04-24 15:12,,,,,
2017-04-24 15:12,2017-04-24 15:17,,,,,
2017-04-24 15:17,2017-04-24 15:22,,,,,
2017-04-24 15:22,2017-04-24 15:27,,,,,
2017-04-24 15:27,2017-04-24 15:32,,,,,
2017-04-24 15:32,2017-04-24 15:37,,,,,
2017-04-24 15:37,2017-04-24 15:42,,,,,
2017-04-24 15:42,2017-04-24 15:47,,,,,
2017-04-24 15:47,2017-04-24 15:52,,,,,
2017-04-24 15:52,2017-04-24 15:57,,,,,
