"Date Opened","Time Opened","Opening Price","Legs","Premium","Closing Price","Date Closed","Time Closed","Avg. Closing Cost","Reason For Close","P/L","No. of Contracts","Funds at Close","Margin Req.","Strategy","Opening Commissions + Fees","Closing Commissions + Fees","Opening Short/Long Ratio","Closing Short/Long Ratio","Gap","Movement","Max Profit","Max Loss"
"2024-09-27","15:48:00",5738.14,"4 Oct 3 5685 P STO 14.35 | 4 Oct 3 5815 C STO 5.30 | 4 Oct 4 5685 P BTO 23.00 | 4 Oct 4 5815 C BTO 13.10",-1650,5691.93,"2024-10-03","09:50:00",-1810,"Exited at Specified Time",601.6,4,161475.8,6600,"",19.2,19.2,0.54,0.403,9.99,-17.22,10,-15.45
"2024-09-20","15:48:00",5707.72,"12 Sep 26 5660 P STO 12.85 | 12 Sep 26 5775 C STO 5.30 | 12 Sep 27 5660 P BTO 16.00 | 12 Sep 27 5775 C BTO 8.25",-615,5758.91,"2024-09-26","09:50:00",-725,"Exited at Specified Time",1204.8,12,160874.2,7380,"",57.6,57.6,0.75,0.33,-4,-1.92,29.27,-17.07
"2024-09-13","15:48:00",5626,"12 Sep 19 5555 P STO 16.35 | 12 Sep 19 5715 C STO 6.45 | 12 Sep 20 5555 P BTO 19.35 | 12 Sep 20 5715 C BTO 9.50",-610,5651.89,"2024-09-17","09:52:00",-825,"Profit Target",2464.8,12,159669.4,7320,"",57.6,57.6,0.79,0.715,7.58,22.66,36.89,-1.64
"2024-09-06","15:48:00",5415.5,"9 Sep 12 5325 P STO 20.85 | 9 Sep 12 5540 C STO 8.10 | 9 Sep 13 5325 P BTO 25.75 | 9 Sep 13 5540 C BTO 11.25",-810,5557.88,"2024-09-11","15:59:00",-900,"Below Delta",723.6,9,157204.6,7290,"",43.2,43.2,0.78,0.775,3.92,-91.83,16.67,-52.47
"2024-08-30","15:48:00",5627.41,"5 Sep 5 5585 P STO 10.55 | 5 Sep 5 5690 C STO 4.20 | 5 Sep 6 5585 P BTO 18.70 | 5 Sep 6 5690 C BTO 11.50",-1550,5554.66,"2024-09-03","13:58:00",-1205,"Above Delta",-1773,5,156481,7750,"",24,24,0.49,0.792,20.78,14.67,8.06,-22.26
"2024-08-23","15:48:00",5623.58,"15 Aug 29 5565 P STO 14.10 | 15 Aug 29 5710 C STO 5.65 | 15 Aug 30 5565 P BTO 16.30 | 15 Aug 30 5710 C BTO 8.45",-505,5617.45,"2024-08-29","09:50:00",-480,"Exited at Specified Time",-519,15,158254,7575,"",72,72,0.8,0.292,31.85,21.09,30.69,-11.88
"2024-08-16","15:48:00",5551.12,"7 Aug 22 5505 P STO 12.60 | 7 Aug 22 5620 C STO 4.85 | 7 Aug 23 5505 P BTO 17.55 | 7 Aug 23 5620 C BTO 9.70",-985,5594.49,"2024-08-20","13:57:00",-1330,"Profit Target",2347.8,7,158773,6895,"",33.6,33.6,0.64,0.538,-12.72,20.62,35.53,-0.51
"2024-08-09","15:48:00",5343.51,"10 Aug 15 5255 P STO 21.70 | 10 Aug 15 5450 C STO 8.00 | 10 Aug 16 5255 P BTO 25.85 | 10 Aug 16 5450 C BTO 11.25",-745,5512.2,"2024-08-15","09:32:00",-645,"Below Delta",-1096,10,156425.2,7450,"",48,48,0.8,0.907,-4.65,28.85,33.56,-24.83
"2024-08-02","15:48:00",5334.03,"10 Aug 8 5235 P STO 23.25 | 10 Aug 8 5480 C STO 10.40 | 10 Aug 9 5235 P BTO 27.65 | 10 Aug 9 5480 C BTO 13.25",-730,5128.85,"2024-08-05","09:32:00",-725,"Above Delta",-146,10,157521.2,7300,"",48,48,0.82,0.956,-70.05,-42.6,7.53,-4.79
"2024-07-26","15:48:00",5461.49,"8 Aug 1 5390 P STO 18.35 | 8 Aug 1 5570 C STO 7.35 | 8 Aug 2 5390 P BTO 23.20 | 8 Aug 2 5570 C BTO 11.80",-935,5539.79,"2024-07-31","14:43:00",-1265,"Profit Target",2563.2,8,157667.2,7480,"",38.4,38.4,0.73,0.51,34.45,27.82,40.11,-21.39
"2024-07-19","15:48:00",5504.01,"12 Jul 25 5450 P STO 15.00 | 12 Jul 25 5595 C STO 6.20 | 12 Jul 26 5450 P BTO 18.15 | 12 Jul 26 5595 C BTO 9.00",-600,5426.98,"2024-07-24","15:54:00",-720,"Above Delta",1324.8,12,155104,7200,"",57.6,57.6,0.78,0.821,-1.22,-39.36,31.67,-15
"2024-07-12","15:48:00",5622.27,"16 Jul 18 5585 P STO 11.15 | 16 Jul 18 5690 C STO 4.35 | 16 Jul 19 5585 P BTO 13.25 | 16 Jul 19 5690 C BTO 6.80",-460,5652.76,"2024-07-16","09:55:00",-625,"Profit Target",2486.4,16,153779.2,7360,"",76.8,76.8,0.77,0.629,6.22,31.51,36.96,-44.57
"2024-07-05","15:48:00",5567.18,"18 Jul 11 5525 P STO 10.55 | 18 Jul 11 5630 C STO 4.60 | 18 Jul 12 5525 P BTO 12.20 | 18 Jul 12 5630 C BTO 6.90",-400,5617.97,"2024-07-10","15:14:00",-540,"Profit Target",2347.2,18,151292.8,7200,"",86.4,86.4,0.79,0.724,0.89,29.27,36.25,-3.75
"2024-06-21","15:48:00",5463.81,"9 Jun 27 5425 P STO 9.60 | 9 Jun 27 5525 C STO 4.45 | 9 Jun 28 5425 P BTO 13.70 | 9 Jun 28 5525 C BTO 8.50",-820,5484,"2024-06-27","09:50:00",-465,"Exited at Specified Time",-3281.4,9,148945.6,7380,"",43.2,43.2,0.63,0.138,-6.4,-2.96,6.71,-44.51
"2024-06-14","15:48:00",5425.76,"13 Jun 20 5390 P STO 9.10 | 13 Jun 20 5480 C STO 3.20 | 13 Jun 21 5390 P BTO 11.80 | 13 Jun 21 5480 C BTO 6.20",-575,5461.98,"2024-06-17","12:50:00",-780,"Profit Target",2540.2,13,152227,7475,"",62.4,62.4,0.68,0.63,-9.66,1.68,36.52,-3.48
"2024-06-07","15:48:00",5349.51,"20 Jun 13 5295 P STO 13.90 | 20 Jun 13 5435 C STO 5.95 | 20 Jun 14 5295 P BTO 15.70 | 20 Jun 14 5435 C BTO 7.70",-360,5441.94,"2024-06-12","10:40:00",-490,"Profit Target",2408,20,149686.8,7200,"",96,96,0.85,0.844,-9.15,5.7,38.89,-55.56
"2024-05-31","15:48:00",5249.03,"8 Jun 6 5210 P STO 10.95 | 8 Jun 6 5310 C STO 4.60 | 8 Jun 7 5210 P BTO 15.50 | 8 Jun 7 5310 C BTO 8.70",-870,5279.53,"2024-06-04","10:44:00",-1175,"Profit Target",2363.2,8,147278.8,6960,"",38.4,38.4,0.64,0.532,7.73,5.82,35.63,0
"2024-05-24","15:48:00",5299.81,"14 May 30 5270 P STO 7.60 | 14 May 30 5340 C STO 3.35 | 14 May 31 5270 P BTO 9.90 | 14 May 31 5340 C BTO 5.90",-490,5276.28,"2024-05-29","10:25:00",-665,"Profit Target",2315.6,14,144915.6,6860,"",67.2,67.2,0.69,0.653,13.61,18.36,36.73,-3.06
"2024-05-17","15:48:00",5299.88,"20 May 23 5265 P STO 9.75 | 20 May 23 5365 C STO 3.95 | 20 May 24 5265 P BTO 11.50 | 20 May 24 5365 C BTO 5.50",-335,5308.55,"2024-05-22","13:44:00",-455,"Profit Target",2208,20,142600,6700,"",96,96,0.81,0.682,6,-3.22,37.31,-2.99
"2024-05-10","15:48:00",5221.78,"21 May 16 5175 P STO 12.20 | 21 May 16 5290 C STO 5.70 | 21 May 17 5175 P BTO 13.80 | 21 May 17 5290 C BTO 7.30",-325,5245.44,"2024-05-14","15:04:00",-440,"Profit Target",2213.4,21,140392,6825,"",100.8,100.8,0.85,0.749,11.41,-3.71,36.92,0
"2024-05-03","15:48:00",5128.73,"13 May 9 5085 P STO 10.70 | 13 May 9 5195 C STO 4.70 | 13 May 10 5085 P BTO 13.65 | 13 May 10 5195 C BTO 6.90",-520,5183.46,"2024-05-09","09:50:00",-585,"Exited at Specified Time",720.2,13,138178.6,6760,"",62.4,62.4,0.75,0.401,58.58,5.95,27.88,-7.69
"2024-04-26","15:48:00",5103.44,"7 May 2 5050 P STO 14.10 | 7 May 2 5185 C STO 6.00 | 7 May 3 5050 P BTO 19.00 | 7 May 3 5185 C BTO 9.90",-885,5019.33,"2024-05-01","09:57:00",-845,"Above Delta",-347.2,7,137458.4,6195,"",33.6,33.6,0.7,0.839,36.23,18.79,12.99,-12.43
"2024-04-19","15:48:00",4961.73,"9 Apr 25 4895 P STO 16.05 | 9 Apr 25 5065 C STO 7.55 | 9 Apr 26 4895 P BTO 20.45 | 9 Apr 26 5065 C BTO 10.55",-745,5082.83,"2024-04-24","09:36:00",-810,"Below Delta",498.6,9,137805.6,6705,"",43.2,43.2,0.76,0.795,-5.68,-43.71,14.77,-15.44
"2024-04-12","15:48:00",5120.22,"12 Apr 18 5050 P STO 17.60 | 12 Apr 18 5220 C STO 7.00 | 12 Apr 19 5050 P BTO 20.65 | 12 Apr 19 5220 C BTO 9.25",-535,5024.59,"2024-04-17","12:05:00",-630,"Above Delta",1024.8,12,137307,6420,"",57.6,57.6,0.82,0.855,-27.55,-51.29,46.73,-13.08
"2024-04-05","15:48:00",5204.5,"13 Apr 11 5140 P STO 15.65 | 13 Apr 11 5295 C STO 6.15 | 13 Apr 12 5140 P BTO 18.80 | 13 Apr 12 5295 C BTO 8.10",-515,5150.11,"2024-04-10","14:27:00",-700,"Profit Target",2280.2,13,136282.2,6695,"",62.4,62.4,0.81,0.715,11.74,45.55,50.49,-20.39
"2024-03-15","15:48:00",5118.58,"15 Mar 21 5060 P STO 13.55 | 15 Mar 21 5210 C STO 6.80 | 15 Mar 22 5060 P BTO 16.00 | 15 Mar 22 5210 C BTO 8.55",-425,5223.77,"2024-03-20","15:28:00",-525,"Below Delta",1356,15,134002,6375,"",72,72,0.83,0.827,-27.17,-4.73,31.76,-3.53
"2024-03-08","15:48:00",5131.65,"14 Mar 14 5075 P STO 13.05 | 14 Mar 14 5215 C STO 6.20 | 14 Mar 15 5075 P BTO 15.70 | 14 Mar 15 5215 C BTO 8.30",-480,5154.74,"2024-03-14","09:50:00",-355,"Exited at Specified Time",-1884.4,14,132646,6720,"",67.2,67.2,0.8,0.133,7.1,-32.81,12.5,-26.04
"2024-03-01","15:48:00",5137.83,"10 Mar 7 5100 P STO 10.10 | 10 Mar 7 5200 C STO 5.00 | 10 Mar 8 5100 P BTO 13.80 | 10 Mar 8 5200 C BTO 8.00",-675,5075.43,"2024-03-05","13:51:00",-565,"Above Delta",-1196,10,134530.4,6750,"",48,48,0.69,0.86,2.24,39.32,7.41,-21.48
"2024-02-23","15:48:00",5094.07,"14 Feb 29 5055 P STO 9.90 | 14 Feb 29 5160 C STO 4.60 | 14 Mar 1 5055 P BTO 12.50 | 14 Mar 1 5160 C BTO 6.60",-465,5091.46,"2024-02-29","09:50:00",-405,"Exited at Specified Time",-974.4,14,135726.4,6510,"",67.2,67.2,0.76,0.226,13.89,-6.85,25.81,-15.05
"2024-02-16","15:48:00",5004.81,"13 Feb 22 4960 P STO 10.85 | 13 Feb 22 5075 C STO 4.80 | 13 Feb 23 4960 P BTO 13.60 | 13 Feb 23 5075 C BTO 6.90",-490,5055.8,"2024-02-22","09:48:00",-665,"Profit Target",2150.2,13,136700.8,6370,"",62.4,62.4,0.76,0.348,1.4,-26.32,39.8,-29.59
"2024-02-09","15:48:00",5021.98,"16 Feb 15 4980 P STO 10.15 | 16 Feb 15 5090 C STO 4.45 | 16 Feb 16 4980 P BTO 12.40 | 16 Feb 16 5090 C BTO 6.20",-405,4954.24,"2024-02-13","09:32:00",-375,"Above Delta",-633.6,16,134550.6,6480,"",76.8,76.8,0.78,0.901,6.26,17.81,11.11,-6.17
"2024-02-02","15:48:00",4963.84,"13 Feb 8 4925 P STO 10.85 | 13 Feb 8 5030 C STO 5.20 | 13 Feb 9 4925 P BTO 13.70 | 13 Feb 9 5030 C BTO 7.30",-500,4991.11,"2024-02-08","09:50:00",-300,"Exited at Specified Time",-2724.8,13,135184.2,6500,"",62.4,62.4,0.76,0.164,9.87,47.78,3,-39
"2024-01-19","15:48:00",4836.27,"15 Jan 25 4800 P STO 9.70 | 15 Jan 25 4900 C STO 4.25 | 15 Jan 26 4800 P BTO 12.10 | 15 Jan 26 4900 C BTO 6.20",-440,4887.01,"2024-01-25","09:32:00",-600,"Profit Target",2256,15,137909,6600,"",72,72,0.76,0.424,15.34,39.99,37.5,-25
"2024-01-12","15:48:00",4781.93,"15 Jan 18 4750 P STO 8.30 | 15 Jan 18 4835 C STO 3.70 | 15 Jan 19 4750 P BTO 10.80 | 15 Jan 19 4835 C BTO 5.65",-450,4731.92,"2024-01-17","09:32:00",-455,"Above Delta",-69,15,135653,6750,"",72,72,0.73,0.846,10.94,-9.25,18.89,-2.22
"2024-01-05","15:48:00",4690.31,"15 Jan 11 4650 P STO 9.95 | 15 Jan 11 4760 C STO 4.50 | 15 Jan 12 4650 P BTO 12.60 | 15 Jan 12 4760 C BTO 6.30",-450,4774.78,"2024-01-10","13:05:00",-380,"Below Delta",-1194,15,135722,6750,"",72,72,0.76,0.876,1.89,-0.26,5.56,-30
"2023-12-15","15:48:00",4711.9,"18 Dec 21 4680 P STO 8.10 | 18 Dec 21 4770 C STO 3.95 | 18 Dec 22 4680 P BTO 10.10 | 18 Dec 22 4770 C BTO 5.60",-370,4771.94,"2023-12-20","12:01:00",-500,"Profit Target",2167.2,18,136916,6660,"",86.4,86.4,0.77,0.727,-5.32,-2.33,40.54,-5.41
"2023-12-08","15:48:00",4607.63,"21 Dec 14 4565 P STO 11.40 | 21 Dec 14 4685 C STO 5.00 | 21 Dec 15 4565 P BTO 13.10 | 21 Dec 15 4685 C BTO 6.40",-315,4677.76,"2023-12-13","14:31:00",-430,"Profit Target",2213.4,21,134748.8,6615,"",100.8,100.8,0.84,0.764,-9.39,31.43,38.1,-22.22
"2023-12-01","15:48:00",4591.58,"10 Dec 7 4555 P STO 8.30 | 10 Dec 7 4650 C STO 4.70 | 10 Dec 8 4555 P BTO 11.60 | 10 Dec 8 4650 C BTO 7.65",-630,4569.19,"2023-12-07","09:47:00",-855,"Profit Target",2154,10,132535.4,6300,"",48,48,0.68,0.238,-8.37,32.15,39.68,-12.7
"2023-11-10","15:48:00",4416.12,"16 Nov 16 4370 P STO 10.00 | 16 Nov 16 4480 C STO 4.80 | 16 Nov 17 4370 P BTO 12.10 | 16 Nov 17 4480 C BTO 6.50",-385,4499.83,"2023-11-14","10:35:00",-400,"Below Delta",86.4,16,130381.4,6160,"",76.8,76.8,0.8,0.893,16.8,51.97,36.36,-37.66
"2023-11-03","15:48:00",4362.05,"14 Nov 9 4320 P STO 10.75 | 14 Nov 9 4425 C STO 4.85 | 14 Nov 10 4320 P BTO 13.40 | 14 Nov 10 4425 C BTO 6.75",-460,4381.94,"2023-11-09","09:50:00",-300,"Exited at Specified Time",-2374.4,14,130295,6440,"",67.2,67.2,0.77,0.141,16.45,27.82,14.13,-35.87
"2023-10-27","15:48:00",4106.93,"8 Nov 2 4040 P STO 17.10 | 8 Nov 2 4210 C STO 6.70 | 8 Nov 3 4040 P BTO 21.70 | 8 Nov 3 4210 C BTO 9.60",-755,4226.33,"2023-11-01","14:59:00",-830,"Below Delta",523.2,8,132669.4,6040,"",38.4,38.4,0.76,0.779,15.7,-46,13.25,-7.28
"2023-10-20","15:48:00",4227.33,"10 Oct 26 4165 P STO 16.15 | 10 Oct 26 4320 C STO 6.95 | 10 Oct 27 4165 P BTO 19.95 | 10 Oct 27 4320 C BTO 9.40",-630,4170.69,"2023-10-26","09:40:00",-855,"Profit Target",2154,10,132146.2,6300,"",48,48,0.79,0.604,-4.15,-46.52,36.51,-22.22
"2023-10-13","15:48:00",4320.75,"12 Oct 19 4255 P STO 14.95 | 12 Oct 19 4405 C STO 6.05 | 12 Oct 20 4255 P BTO 17.90 | 12 Oct 20 4405 C BTO 8.10",-505,4316.72,"2023-10-19","09:50:00",-500,"Exited at Specified Time",-175.2,12,129992.2,6060,"",57.6,57.6,0.81,0.205,10.88,-39.74,28.71,-36.63
"2023-10-06","15:48:00",4318.31,"13 Oct 12 4265 P STO 13.55 | 13 Oct 12 4400 C STO 5.60 | 13 Oct 13 4265 P BTO 16.50 | 13 Oct 13 4400 C BTO 7.60",-500,4369.62,"2023-10-12","09:50:00",-470,"Exited at Specified Time",-514.8,13,130167.4,6500,"",62.4,62.4,0.79,0.317,-23.4,83.52,25,-15
"2023-09-29","15:48:00",4292.63,"12 Oct 5 4235 P STO 13.65 | 12 Oct 5 4375 C STO 5.60 | 12 Oct 6 4235 P BTO 16.80 | 12 Oct 6 4375 C BTO 7.60",-520,4227.07,"2023-10-03","14:50:00",-705,"Profit Target",2104.8,12,130682.2,6240,"",57.6,57.6,0.79,0.797,28.48,-35.55,36.54,-100
"2023-09-22","15:48:00",4322.38,"9 Sep 28 4265 P STO 14.10 | 9 Sep 28 4395 C STO 5.95 | 9 Sep 29 4265 P BTO 17.90 | 9 Sep 29 4395 C BTO 8.70",-660,4244.48,"2023-09-27","13:28:00",-820,"Above Delta",1353.6,9,128577.4,5940,"",43.2,43.2,0.75,0.788,11.74,-19.36,33.33,-1.52
"2023-09-15","15:48:00",4450.77,"16 Sep 21 4410 P STO 9.80 | 16 Sep 21 4515 C STO 4.10 | 16 Sep 22 4410 P BTO 12.00 | 16 Sep 22 4515 C BTO 5.60",-375,4426.04,"2023-09-20","15:14:00",-510,"Profit Target",2006.4,16,127223.8,6000,"",76.8,76.8,0.79,0.597,-7.12,-47.21,38.67,-1.33
"2023-09-08","15:48:00",4453.91,"16 Sep 14 4415 P STO 9.90 | 16 Sep 14 4515 C STO 4.25 | 16 Sep 15 4415 P BTO 12.10 | 16 Sep 15 4515 C BTO 5.80",-380,4486.47,"2023-09-14","09:50:00",-405,"Exited at Specified Time",246.4,16,125217.4,6080,"",76.8,76.8,0.79,0.18,0.16,2.61,19.74,-3.95
"2023-09-01","15:48:00",4512.31,"15 Sep 7 4480 P STO 7.00 | 15 Sep 7 4560 C STO 3.40 | 15 Sep 8 4480 P BTO 9.30 | 15 Sep 8 4560 C BTO 5.20",-415,4464.91,"2023-09-06","10:29:00",-360,"Above Delta",-969,15,124971,6225,"",72,72,0.72,0.851,22.94,-18.29,12.05,-12.05
"2023-08-25","15:48:00",4411.22,"12 Aug 31 4365 P STO 11.45 | 12 Aug 31 4480 C STO 5.10 | 12 Sep 1 4365 P BTO 14.45 | 12 Sep 1 4480 C BTO 7.20",-515,4496.69,"2023-08-29","15:25:00",-560,"Below Delta",424.8,12,125940,6180,"",57.6,57.6,0.76,0.84,13.07,21.84,20.39,-4.85
"2023-08-18","15:48:00",4378.84,"8 Aug 24 4325 P STO 12.80 | 8 Aug 24 4460 C STO 5.25 | 8 Aug 25 4325 P BTO 16.90 | 8 Aug 25 4460 C BTO 8.15",-705,4450.16,"2023-08-24","09:32:00",-1035,"Profit Target",2563.2,8,125515.2,5640,"",38.4,38.4,0.72,0.397,-25.48,33.96,47.52,-4.96
"2023-08-11","15:48:00",4465.04,"13 Aug 17 4420 P STO 11.95 | 13 Aug 17 4530 C STO 5.05 | 13 Aug 18 4420 P BTO 14.65 | 13 Aug 18 4530 C BTO 6.95",-465,4404.07,"2023-08-16","16:00:00",-570,"Above Delta",1240.2,13,122952,6045,"",62.4,62.4,0.79,0.8,-18.14,14.35,30.11,-1.08
"2023-08-04","15:48:00",4477.63,"11 Aug 10 4425 P STO 12.60 | 11 Aug 10 4550 C STO 5.15 | 11 Aug 11 4425 P BTO 15.90 | 11 Aug 11 4550 C BTO 7.20",-540,4515.27,"2023-08-10","09:50:00",-390,"Exited at Specified Time",-1755.6,11,121711.8,5940,"",52.8,52.8,0.77,0.255,12.07,-36.33,0.93,-49.07
"2023-07-28","15:48:00",4580.16,"12 Aug 3 4545 P STO 7.85 | 12 Aug 3 4635 C STO 4.30 | 12 Aug 4 4545 P BTO 10.60 | 12 Aug 4 4635 C BTO 6.40",-490,4541.34,"2023-08-02","09:40:00",-665,"Profit Target",1984.8,12,123467.4,5880,"",57.6,57.6,0.71,0.704,28.34,14.41,36.73,-2.04
"2023-07-21","15:48:00",4539.46,"15 Jul 27 4500 P STO 10.70 | 15 Jul 27 4605 C STO 5.20 | 15 Jul 28 4500 P BTO 13.00 | 15 Jul 28 4605 C BTO 6.80",-395,4602.58,"2023-07-27","09:33:00",-535,"Profit Target",1956,15,121482.6,5925,"",72,72,0.8,0.567,15.29,-10.7,37.97,-25.32
"2023-07-14","15:48:00",4500.85,"16 Jul 20 4470 P STO 8.95 | 16 Jul 20 4560 C STO 3.70 | 16 Jul 21 4470 P BTO 11.00 | 16 Jul 21 4560 C BTO 5.30",-370,4573.28,"2023-07-19","09:37:00",-440,"Below Delta",966.4,16,119526.6,5920,"",76.8,76.8,0.78,0.833,4.57,-13.76,27.03,-2.7
"2023-07-07","15:48:00",4406.62,"16 Jul 13 4370 P STO 9.40 | 16 Jul 13 4470 C STO 4.00 | 16 Jul 14 4370 P BTO 11.60 | 16 Jul 14 4470 C BTO 5.40",-365,4482.86,"2023-07-12","09:49:00",-405,"Below Delta",486.4,16,118560.2,5840,"",76.8,76.8,0.79,0.853,-7.05,2.08,21.92,-1.37
"2023-06-30","15:48:00",4453.22,"11 Jul 6 4425 P STO 7.15 | 11 Jul 6 4500 C STO 3.80 | 11 Jul 7 4425 P BTO 10.15 | 11 Jul 7 4500 C BTO 6.00",-525,4408.01,"2023-07-06","09:32:00",-560,"Above Delta",279.4,11,118073.8,5775,"",52.8,52.8,0.68,0.774,26,30.78,22.86,-45.71
"2023-06-23","15:48:00",4352.29,"15 Jun 29 4320 P STO 8.00 | 15 Jun 29 4410 C STO 3.75 | 15 Jun 30 4320 P BTO 10.00 | 15 Jun 30 4410 C BTO 5.40",-370,4381.82,"2023-06-27","14:32:00",-500,"Profit Target",1806,15,117794.4,5550,"",72,72,0.76,0.582,-27.72,-1.88,37.84,-1.35
"2023-06-16","15:48:00",4419.83,"14 Jun 22 4385 P STO 8.00 | 14 Jun 22 4475 C STO 3.60 | 14 Jun 23 4385 P BTO 10.20 | 14 Jun 23 4475 C BTO 5.40",-405,4369,"2023-06-21","09:55:00",-355,"Above Delta",-834.4,14,115988.4,5670,"",67.2,67.2,0.74,0.865,15.11,-21.12,2.47,-33.33
"2023-06-09","15:48:00",4301.74,"19 Jun 15 4260 P STO 10.55 | 19 Jun 15 4370 C STO 4.80 | 19 Jun 16 4260 P BTO 12.30 | 19 Jun 16 4370 C BTO 6.00",-300,4354.6,"2023-06-13","09:32:00",-420,"Profit Target",2097.6,19,116822.8,5700,"",91.2,91.2,0.84,0.835,10.95,-3.14,41.67,-5
"2023-05-26","15:48:00",4207.95,"8 Jun 1 4155 P STO 13.30 | 8 Jun 1 4275 C STO 5.00 | 8 Jun 2 4155 P BTO 17.00 | 8 Jun 2 4275 C BTO 7.60",-635,4175.23,"2023-06-01","09:50:00",-710,"Exited at Specified Time",523.2,8,114725.2,5080,"",38.4,38.4,0.74,0.285,4.88,51.79,12.6,-19.69
"2023-05-19","15:48:00",4190.78,"13 May 25 4150 P STO 11.25 | 13 May 25 4255 C STO 4.50 | 13 May 26 4150 P BTO 13.75 | 13 May 26 4255 C BTO 6.20",-425,4123.63,"2023-05-24","09:32:00",-455,"Above Delta",265.2,13,114202,5525,"",62.4,62.4,0.79,0.878,6.1,-13.37,16.47,-1.18
"2023-05-12","15:48:00",4118.07,"12 May 18 4075 P STO 11.45 | 12 May 18 4175 C STO 3.95 | 12 May 19 4075 P BTO 14.20 | 12 May 19 4175 C BTO 5.70",-455,4154.84,"2023-05-18","09:32:00",-620,"Profit Target",1864.8,12,113936.8,5460,"",57.6,57.6,0.77,0.302,7.92,-20.47,37.36,-10.99
"2023-05-05","15:48:00",4137.13,"13 May 11 4085 P STO 12.10 | 13 May 11 4205 C STO 4.60 | 13 May 12 4085 P BTO 14.80 | 13 May 12 4205 C BTO 6.00",-415,4117.58,"2023-05-11","09:35:00",-565,"Profit Target",1825.2,13,112072,5395,"",62.4,62.4,0.8,0.354,23.51,52.4,40.96,-36.14
"2023-04-28","15:48:00",4161.11,"9 May 4 4110 P STO 12.65 | 9 May 4 4235 C STO 5.20 | 9 May 5 4110 P BTO 16.10 | 9 May 5 4235 C BTO 7.30",-560,4122.39,"2023-05-03","15:08:00",-760,"Profit Target",1713.6,9,110246.8,5040,"",43.2,43.2,0.76,0.651,-5.72,31.48,36.61,-31.25
"2023-04-21","15:48:00",4128.99,"10 Apr 27 4085 P STO 10.00 | 10 Apr 27 4190 C STO 4.10 | 10 Apr 28 4085 P BTO 13.25 | 10 Apr 28 4190 C BTO 6.10",-530,4065.76,"2023-04-26","10:19:00",-625,"Above Delta",854,10,108533.2,5300,"",48,48,0.73,0.813,2.35,-3.15,26.42,-0.94
"2023-04-14","15:48:00",4137.26,"12 Apr 20 4095 P STO 9.40 | 12 Apr 20 4200 C STO 4.25 | 12 Apr 21 4095 P BTO 12.00 | 12 Apr 21 4200 C BTO 6.00",-440,4131.35,"2023-04-20","09:50:00",-460,"Exited at Specified Time",124.8,12,107679.2,5280,"",57.6,57.6,0.76,0.162,-6.11,-2.85,21.59,-18.18
"2023-03-24","15:48:00",3963.61,"7 Mar 30 3890 P STO 16.95 | 7 Mar 30 4050 C STO 6.35 | 7 Mar 31 3890 P BTO 21.15 | 7 Mar 31 4050 C BTO 9.15",-705,4054.25,"2023-03-30","09:50:00",-805,"Exited at Specified Time",632.8,7,107554.4,4935,"",33.6,33.6,0.77,0.581,-9.51,24.4,16.31,-31.21
"2023-03-17","15:48:00",3911.39,"9 Mar 23 3810 P STO 23.05 | 9 Mar 23 4035 C STO 9.40 | 9 Mar 24 3810 P BTO 26.70 | 9 Mar 24 4035 C BTO 11.70",-600,3974.31,"2023-03-23","09:50:00",-330,"Exited at Specified Time",-2516.4,9,106921.6,5400,"",43.2,43.2,0.85,0.107,-1.59,-47.3,9.17,-58.33
"2023-03-10","15:48:00",3850.46,"9 Mar 16 3760 P STO 21.55 | 9 Mar 16 3975 C STO 8.75 | 9 Mar 17 3760 P BTO 25.20 | 9 Mar 17 3975 C BTO 10.90",-585,3849.45,"2023-03-15","12:19:00",-790,"Profit Target",1758.6,9,109438,5265,"",43.2,43.2,0.84,0.511,-5.55,-62.31,35.9,-15.38
"2023-03-03","15:48:00",4040.46,"6 Mar 9 3985 P STO 12.40 | 6 Mar 9 4125 C STO 5.60 | 6 Mar 10 3985 P BTO 17.40 | 6 Mar 10 4125 C BTO 8.80",-825,3991.46,"2023-03-08","09:32:00",-1145,"Profit Target",1862.4,6,107679.4,4950,"",28.8,28.8,0.69,0.601,16.67,42.44,39.39,-21.21
"2023-02-24","15:48:00",3961.48,"9 Mar 2 3905 P STO 14.20 | 9 Mar 2 4045 C STO 6.15 | 9 Mar 3 3905 P BTO 17.45 | 9 Mar 3 4045 C BTO 8.40",-555,3933.68,"2023-03-02","09:50:00",-675,"Exited at Specified Time",993.6,9,105817,4995,"",43.2,43.2,0.79,0.306,-39.08,-11.76,32.43,-14.41
"2023-02-17","15:48:00",4071.78,"7 Feb 23 4020 P STO 12.40 | 7 Feb 23 4150 C STO 5.10 | 7 Feb 24 4020 P BTO 16.60 | 7 Feb 24 4150 C BTO 7.60",-675,3996.72,"2023-02-22","10:10:00",-625,"Above Delta",-417.2,7,104823.4,4725,"",33.6,33.6,0.72,0.848,-13.02,-5.61,7.41,-9.63
"2023-02-10","15:48:00",4088.41,"11 Feb 16 4005 P STO 19.15 | 11 Feb 16 4205 C STO 7.85 | 11 Feb 17 4005 P BTO 22.25 | 11 Feb 17 4205 C BTO 9.50",-480,4100.73,"2023-02-16","09:50:00",-280,"Exited at Specified Time",-2305.6,11,105240.6,5280,"",52.8,52.8,0.85,0.109,-12.58,19.49,25,-56.25
"2023-02-03","15:48:00",4130.26,"11 Feb 9 4075 P STO 14.20 | 11 Feb 9 4220 C STO 6.55 | 11 Feb 10 4075 P BTO 16.95 | 11 Feb 10 4220 C BTO 8.35",-460,4117.74,"2023-02-08","11:27:00",-625,"Profit Target",1709.4,11,107546.2,5060,"",52.8,52.8,0.82,0.535,-43.07,-6.43,39.13,-52.17
"2023-01-27","15:48:00",4079.95,"5 Feb 2 4015 P STO 15.30 | 5 Feb 2 4175 C STO 6.70 | 5 Feb 3 4015 P BTO 21.35 | 5 Feb 3 4175 C BTO 11.00",-1040,4067.3,"2023-02-01","09:46:00",-1405,"Profit Target",1777,5,105836.8,5200,"",24,24,0.68,0.53,-6.71,26.23,35.58,-6.73
"2023-01-20","15:48:00",3963.43,"10 Jan 26 3915 P STO 13.00 | 10 Jan 26 4040 C STO 5.40 | 10 Jan 27 3915 P BTO 15.85 | 10 Jan 27 4040 C BTO 7.40",-490,3957.19,"2023-01-25","10:02:00",-665,"Profit Target",1654,10,104059.8,4900,"",48,48,0.79,0.536,10.19,54.39,36.73,-2.04
"2023-01-13","15:48:00",3996.53,"10 Jan 19 3950 P STO 10.35 | 10 Jan 19 4060 C STO 5.00 | 10 Jan 20 3950 P BTO 13.05 | 10 Jan 20 4060 C BTO 7.15",-490,3933.04,"2023-01-18","15:41:00",-515,"Above Delta",154,10,102405.8,4900,"",48,48,0.76,0.829,-22.57,35.93,15.31,-13.27
"2023-01-06","15:48:00",3903.75,"14 Jan 12 3825 P STO 17.95 | 14 Jan 12 4020 C STO 7.75 | 14 Jan 13 3825 P BTO 19.95 | 14 Jan 13 4020 C BTO 9.15",-345,3936.38,"2023-01-11","09:54:00",-470,"Profit Target",1615.6,14,102251.8,4830,"",67.2,67.2,0.88,0.775,15.27,80.38,37.68,-7.25
"2022-12-23","15:48:00",3840.31,"7 Dec 29 3795 P STO 12.25 | 7 Dec 29 3915 C STO 5.20 | 7 Dec 30 3795 P BTO 16.10 | 7 Dec 30 3915 C BTO 7.90",-660,3829.58,"2022-12-29","09:50:00",-645,"Exited at Specified Time",-172.2,7,100636.2,4620,"",33.6,33.6,0.73,0.297,-7.28,25.2,27.27,-20.45
"2022-12-16","15:48:00",3861.06,"9 Dec 22 3800 P STO 14.70 | 9 Dec 22 3955 C STO 6.95 | 9 Dec 23 3800 P BTO 17.90 | 9 Dec 23 3955 C BTO 9.20",-550,3827.82,"2022-12-22","09:50:00",-695,"Exited at Specified Time",1218.6,9,100808.4,4950,"",43.2,43.2,0.8,0.343,-4.84,-29.85,31.82,-33.64
"2022-12-09","15:48:00",3945.1,"13 Dec 15 3850 P STO 22.75 | 13 Dec 15 4090 C STO 9.55 | 13 Dec 16 3850 P BTO 24.80 | 13 Dec 16 4090 C BTO 11.00",-355,3944.68,"2022-12-12","10:36:00",-480,"Profit Target",1500.2,13,99589.8,4615,"",62.4,62.4,0.9,0.875,-9.34,-9.07,36.62,-1.41
"2022-12-02","15:48:00",4063.21,"10 Dec 8 4020 P STO 11.65 | 10 Dec 8 4135 C STO 5.25 | 10 Dec 9 4020 P BTO 14.50 | 10 Dec 9 4135 C BTO 7.10",-475,3991.82,"2022-12-05","14:02:00",-490,"Above Delta",54,10,98089.6,4750,"",48,48,0.78,0.898,-36.4,23.04,26.32,-5.26
"2022-11-11","15:48:00",3996.91,"7 Nov 17 3925 P STO 17.65 | 7 Nov 17 4100 C STO 7.70 | 7 Nov 18 3925 P BTO 21.15 | 7 Nov 18 4100 C BTO 10.20",-605,3972.37,"2022-11-15","14:00:00",-820,"Profit Target",1437.8,7,98035.6,4235,"",33.6,33.6,0.81,0.727,7.35,33.19,37.19,-0.83
"2022-11-04","15:48:00",3767.24,"8 Nov 10 3680 P STO 20.85 | 8 Nov 10 3905 C STO 10.05 | 8 Nov 11 3680 P BTO 24.05 | 8 Nov 11 3905 C BTO 12.35",-555,3794.7,"2022-11-09","10:38:00",-750,"Profit Target",1483.2,8,96597.8,4440,"",38.4,38.4,0.85,0.63,47.09,0.26,36.94,-6.31
"2022-10-28","15:48:00",3899.9,"4 Nov 3 3815 P STO 21.15 | 4 Nov 3 4025 C STO 11.30 | 4 Nov 4 3815 P BTO 26.75 | 4 Nov 4 4025 C BTO 15.30",-965,3839.15,"2022-11-02","11:43:00",-1305,"Profit Target",1321.6,4,95114.6,3860,"",19.2,19.2,0.77,0.695,0.96,91.64,35.75,-8.29
"2022-10-21","15:48:00",3753.88,"5 Oct 27 3670 P STO 19.50 | 5 Oct 27 3875 C STO 11.00 | 5 Oct 28 3670 P BTO 24.30 | 5 Oct 28 3875 C BTO 14.75",-860,3847.6,"2022-10-27","09:33:00",-1165,"Profit Target",1477,5,93793,4300,"",24,24,0.78,0.388,-8.68,96.78,36.63,-3.49
"2022-10-14","15:48:00",3589.43,"5 Oct 20 3500 P STO 20.35 | 5 Oct 20 3725 C STO 9.05 | 5 Oct 21 3500 P BTO 24.85 | 5 Oct 21 3725 C BTO 12.20",-770,3696.38,"2022-10-19","12:34:00",-1040,"Profit Target",1302,5,92316,3850,"",24,24,0.79,0.6,20.5,-100.98,35.71,-8.44
"2022-10-07","15:48:00",3633.54,"6 Oct 13 3540 P STO 22.45 | 6 Oct 13 3775 C STO 9.90 | 6 Oct 14 3540 P BTO 26.90 | 6 Oct 14 3775 C BTO 12.70",-730,3598.67,"2022-10-12","09:53:00",-990,"Profit Target",1502.4,6,91014,4380,"",28.8,28.8,0.82,0.71,-37.78,-73.2,36.3,-8.22
"2022-09-30","15:48:00",3608.68,"5 Oct 6 3520 P STO 20.15 | 5 Oct 6 3735 C STO 9.05 | 5 Oct 7 3520 P BTO 25.20 | 5 Oct 7 3735 C BTO 12.80",-885,3769.35,"2022-10-04","09:58:00",-810,"Below Delta",-423,5,89511.6,4425,"",24,24,0.77,0.878,-6.99,-24.8,9.04,-28.25
"2022-09-23","15:48:00",3691.48,"4 Sep 29 3595 P STO 21.85 | 4 Sep 29 3820 C STO 8.95 | 4 Sep 30 3595 P BTO 27.95 | 4 Sep 30 3820 C BTO 12.95",-1015,3660.25,"2022-09-29","09:41:00",-1375,"Profit Target",1401.6,4,89934.6,4060,"",19.2,19.2,0.75,0.136,-30.85,-35.66,40.89,-16.75
"2022-09-16","15:48:00",3865.84,"6 Sep 22 3775 P STO 21.25 | 6 Sep 22 3995 C STO 9.50 | 6 Sep 23 3775 P BTO 25.35 | 6 Sep 23 3995 C BTO 11.95",-660,3830,"2022-09-21","14:14:00",-895,"Profit Target",1352.4,6,88533,3960,"",28.8,28.8,0.82,0.734,-20.4,-15.11,51.52,-9.09
"2022-09-09","15:48:00",4073.66,"7 Sep 15 4000 P STO 16.55 | 7 Sep 15 4175 C STO 7.70 | 7 Sep 16 4000 P BTO 20.00 | 7 Sep 16 4175 C BTO 10.30",-610,3971.29,"2022-09-13","14:36:00",-675,"Above Delta",387.8,7,87180.6,4270,"",33.6,33.6,0.8,0.877,16.76,50.72,29.51,-2.46
"2022-09-02","15:48:00",3911.67,"5 Sep 8 3840 P STO 16.05 | 5 Sep 8 4015 C STO 7.00 | 5 Sep 9 3840 P BTO 20.75 | 5 Sep 9 4015 C BTO 9.85",-760,3968.66,"2022-09-08","09:50:00",-695,"Exited at Specified Time",-373,5,86792.8,3800,"",24,24,0.75,0.3,27.81,-82.99,7.24,-9.21
"2022-08-26","15:48:00",4064.44,"5 Sep 1 3980 P STO 18.95 | 5 Sep 1 4170 C STO 8.20 | 5 Sep 2 3980 P BTO 23.45 | 5 Sep 2 4170 C BTO 11.20",-755,3983.17,"2022-08-31","12:25:00",-1020,"Profit Target",1277,5,87165.8,3775,"",24,24,0.78,0.684,-0.38,-134.3,47.68,-4.64
"2022-08-19","15:48:00",4226.88,"4 Aug 25 4170 P STO 13.90 | 4 Aug 25 4310 C STO 5.80 | 4 Aug 26 4170 P BTO 19.40 | 4 Aug 26 4310 C BTO 9.60",-935,4137.6,"2022-08-22","14:33:00",-895,"Above Delta",-198.4,4,85888.8,3740,"",19.2,19.2,0.68,0.851,-17.43,-39.43,3.74,-6.95
"2022-08-12","15:48:00",4271.3,"7 Aug 18 4215 P STO 12.65 | 7 Aug 18 4350 C STO 5.75 | 7 Aug 19 4215 P BTO 15.80 | 7 Aug 19 4350 C BTO 8.00",-545,4266.68,"2022-08-18","09:50:00",-640,"Exited at Specified Time",597.8,7,86087.2,3815,"",33.6,33.6,0.77,0.104,17.75,46.28,27.52,-10.09
"2022-08-05","15:48:00",4141.85,"7 Aug 11 4075 P STO 15.30 | 7 Aug 11 4230 C STO 6.95 | 7 Aug 12 4075 P BTO 18.55 | 7 Aug 12 4230 C BTO 9.05",-540,4204.49,"2022-08-10","11:02:00",-730,"Profit Target",1262.8,7,85489.4,3780,"",33.6,33.6,0.81,0.53,-36.07,25.98,36.11,-9.26
"2022-07-29","15:48:00",4138.52,"5 Aug 4 4080 P STO 14.75 | 5 Aug 4 4200 C STO 11.45 | 5 Aug 5 4080 P BTO 18.60 | 5 Aug 5 4200 C BTO 15.00",-745,4120.26,"2022-08-03","10:34:00",-1010,"Profit Target",1277,5,84226.6,3725,"",24,24,0.78,0.477,14.9,51.19,36.24,-6.71
"2022-07-22","15:48:00",3951.75,"5 Jul 28 3875 P STO 17.85 | 5 Jul 28 4055 C STO 8.10 | 5 Jul 29 3875 P BTO 22.35 | 5 Jul 29 4055 C BTO 10.40",-685,4021.83,"2022-07-27","15:08:00",-925,"Profit Target",1152,5,82949.6,3425,"",24,24,0.79,0.56,-0.52,-46.68,39.42,-13.14
"2022-07-15","15:48:00",3853.4,"5 Jul 21 3785 P STO 15.80 | 5 Jul 21 3945 C STO 6.80 | 5 Jul 22 3785 P BTO 19.95 | 5 Jul 22 3945 C BTO 9.60",-700,3968.59,"2022-07-20","10:53:00",-750,"Below Delta",202,5,81797.6,3500,"",24,24,0.76,0.836,27.62,35.4,24.29,-2.14
"2022-07-08","15:48:00",3904.92,"6 Jul 14 3830 P STO 17.00 | 6 Jul 14 4000 C STO 7.80 | 6 Jul 15 3830 P BTO 20.60 | 6 Jul 15 4000 C BTO 10.30",-615,3767.06,"2022-07-13","09:32:00",-545,"Above Delta",-477.6,6,81595.6,3690,"",28.8,28.8,0.8,0.93,-14.36,16.66,13.01,-13.82
"2022-07-01","15:48:00",3826.25,"4 Jul 7 3755 P STO 16.65 | 4 Jul 7 3925 C STO 6.85 | 4 Jul 8 3755 P BTO 21.65 | 4 Jul 8 3925 C BTO 10.25",-845,3887.78,"2022-07-07","09:50:00",-1120,"Exited at Specified Time",1061.6,4,82073.2,3380,"",19.2,19.2,0.74,0.154,-4.38,45.25,33.14,-5.33
"2022-06-24","15:48:00",3900.13,"5 Jun 30 3815 P STO 19.50 | 5 Jun 30 4020 C STO 8.35 | 5 Jul 1 3815 P BTO 23.40 | 5 Jul 1 4020 C BTO 11.45",-705,3813.96,"2022-06-29","15:50:00",-955,"Profit Target",1202,5,81011.6,3525,"",24,24,0.8,0.736,26.02,78.38,36.17,-16.31
"2022-06-17","15:48:00",3682.47,"4 Jun 23 3595 P STO 21.40 | 4 Jun 23 3815 C STO 9.65 | 4 Jun 24 3595 P BTO 26.70 | 4 Jun 24 3815 C BTO 13.55",-925,3778.77,"2022-06-23","09:50:00",-1135,"Exited at Specified Time",801.6,4,79809.6,3700,"",19.2,19.2,0.77,0.296,-0.87,16.57,26.49,-17.3
"2022-06-10","15:48:00",3914.42,"4 Jun 16 3825 P STO 26.45 | 4 Jun 16 4050 C STO 10.00 | 4 Jun 17 3825 P BTO 31.25 | 4 Jun 17 4050 C BTO 13.45",-830,3762.57,"2022-06-13","10:44:00",-825,"Above Delta",-58.4,4,79008,3320,"",19.2,19.2,0.82,0.923,-43.43,-59.97,4.22,-26.51
"2022-06-03","15:48:00",4108.07,"4 Jun 9 4030 P STO 18.25 | 4 Jun 9 4210 C STO 8.50 | 4 Jun 10 4030 P BTO 24.10 | 4 Jun 10 4210 C BTO 12.35",-975,4100.92,"2022-06-09","09:50:00",-1050,"Exited at Specified Time",261.6,4,79066.4,3900,"",19.2,19.2,0.73,0.083,-39.25,-29.5,26.15,-9.23
"2022-05-27","15:48:00",4144.53,"4 Jun 2 4070 P STO 17.25 | 4 Jun 2 4250 C STO 5.90 | 4 Jun 3 4070 P BTO 22.60 | 4 Jun 3 4250 C BTO 9.30",-880,4080.99,"2022-06-01","11:53:00",-1190,"Profit Target",1201.6,4,78804.8,3520,"",19.2,19.2,0.73,0.667,19.59,67.1,40.91,-6.82
"2022-05-20","15:48:00",3883.79,"4 May 26 3785 P STO 23.20 | 4 May 26 4025 C STO 9.75 | 4 May 27 3785 P BTO 28.30 | 4 May 27 4025 C BTO 12.45",-785,3997.35,"2022-05-26","09:32:00",-1175,"Profit Target",1521.6,4,77603.2,3140,"",19.2,19.2,0.81,0.47,26.97,-43.97,50.32,-15.92
"2022-05-13","15:48:00",4018.5,"4 May 19 3915 P STO 24.90 | 4 May 19 4150 C STO 11.55 | 4 May 20 3915 P BTO 29.55 | 4 May 20 4150 C BTO 14.80",-795,3963.05,"2022-05-18","12:09:00",-1075,"Profit Target",1081.6,4,76081.6,3180,"",19.2,19.2,0.82,0.56,33.82,54.6,37.11,-17.61
